Time,Id,Beta1,Beta2,ChiSquare1,Exponential1,InverseGamma1,Laplace2,Normal1
2022-11-03T14:26:43.626-06:00,2,0.755383077533722,0.654234775891199,1.99858008053385,91.7464669279177,8.9911917595629,-2.57811896992943,51.4688945451347
2022-11-03T14:26:43.735-06:00,2,0.70040126682213,0.68063021472112,1.02002138567869,46.377889930536,2.98323998200441,12.2251574898299,57.1560240505157
2022-11-03T14:26:43.828-06:00,2,0.676729532212952,0.657643568240245,0.717878550625698,50.08509338478,3.39386900161038,-6.60566196769323,60.0091834664386
2022-11-03T14:26:43.936-06:00,2,0.560282690551157,0.690545631894084,2.66343911980893,48.0704991578887,4.73107269541161,8.00274192598619,42.4085454228083
2022-11-03T14:26:44.029-06:00,2,0.628942633201885,0.639425351603861,2.79105575089509,49.4953996268492,3.06838230099887,14.5117499639913,53.6582803780861
2022-11-03T14:26:44.137-06:00,2,0.619762343901684,0.598498019479917,0.767750576836376,13.0062798197701,5.86947592871771,8.5908722575708,49.379683809806
2022-11-03T14:26:44.230-06:00,2,0.709396202331883,0.503837116201128,0.037652018665061,15.0871045844314,5.86149250079622,-1.5647896537636,53.3379720072745
2022-11-03T14:26:44.338-06:00,2,0.63911517716333,0.669295575715392,0.50949165379411,216.04834830069,3.59121445898509,-16.4052722347048,65.8772105738817
2022-11-03T14:26:44.431-06:00,2,0.700134812009388,0.641242577056963,0.506377762516988,74.8019282632806,5.17267549209048,22.6155056689237,44.5543804276976
2022-11-03T14:26:44.540-06:00,2,0.62562528567923,0.628624266446479,1.53092033511226,25.2526878354845,4.03928606444361,-5.26488950904985,56.1721783149907
2022-11-03T14:26:44.620-06:00,2,0.62562528567923,0.628624266446479,1.53092033511226,25.2526878354845,4.03928606444361,-5.26488950904985,56.1721783149907
2022-11-03T14:26:44.726-06:00,2,0.6771529429518,0.748658432261037,0.295998163918059,41.4362672029262,8.5748570818478,-6.18658886090406,43.8108868597896
2022-11-03T14:26:44.819-06:00,2,0.697786233429046,0.62669249790123,0.24083555464869,115.407142073781,15.3587463064505,-30.2810354625753,48.4749127122831
2022-11-03T14:26:44.927-06:00,2,0.73346153817315,0.719969039862902,2.68316419071448,78.6075125536648,3.23509706526321,-3.68618317663229,44.9976087873429
2022-11-03T14:26:45.021-06:00,2,0.719899275119466,0.627449008641945,0.493137834597642,5.24945942403977,4.24852225310653,-7.41369714763288,50.5259840629607
2022-11-03T14:26:45.129-06:00,2,0.61173505029053,0.659855701667021,1.34031255100557,172.458954951722,6.45450922413953,-1.47639446853925,66.6556494633553
2022-11-03T14:26:45.222-06:00,2,0.66864535842449,0.726067293845856,0.786471235174422,23.868208648458,11.8873243313395,24.175261348383,40.544725939801
2022-11-03T14:26:45.330-06:00,2,0.656319816856543,0.649631217959701,0.346899342720342,60.0845391898191,2.59065981578522,2.64546006711482,33.0739159469044
2022-11-03T14:26:45.423-06:00,2,0.633846938883946,0.739160822944733,0.303789335389667,23.7954713340657,13.3385374987599,4.22393123198718,36.2892884409081
2022-11-03T14:26:45.531-06:00,2,0.697381410083168,0.623659262580259,0.629587812223729,63.4088491193161,4.63026535705764,-0.97186241999934,59.2098925421851
2022-11-03T14:26:45.624-06:00,2,0.678684036416542,0.574263695779143,0.974409104657158,123.83722284421,4.23245714652733,2.02371148356343,45.6855824476744
2022-11-03T14:26:45.737-06:00,2,0.678684036416542,0.574263695779143,0.974409104657158,123.83722284421,4.23245714652733,2.02371148356343,45.6855824476744
2022-11-03T14:26:45.841-06:00,2,0.674841085007636,0.608495955133971,5.80819272371189,11.9735312879733,13.0002498182483,-5.31538961318224,30.9631522832396
2022-11-03T14:26:45.949-06:00,2,0.642994752649478,0.709876150936505,0.0702508091973496,60.0475259110791,8.51378935664773,-17.2418062019158,50.7667300516746
2022-11-03T14:26:46.042-06:00,2,0.694644819104504,0.664139044730311,0.030047597996262,70.240827015811,14.7285471511574,2.31993522801444,46.8343401647906
2022-11-03T14:26:46.136-06:00,2,0.574397740096685,0.629090005026098,1.18141273505106,33.6123582319733,3.19626356415391,-14.4028257174222,69.9308105349791
2022-11-03T14:26:46.244-06:00,2,0.70263896347148,0.660559575556514,1.48582196339121,4.00761503589583,13.2023907036623,8.184358427853,59.8909491160462
2022-11-03T14:26:46.337-06:00,2,0.68243019197326,0.705464411865993,0.562952882804364,11.5445842910501,3.85669665174469,17.9191826162359,70.766185747666
2022-11-03T14:26:46.445-06:00,2,0.728789036354984,0.77331284827756,0.0757351615221479,12.3561411681851,7.72516230471232,18.4016501419942,28.4717737070596
2022-11-03T14:26:46.538-06:00,2,0.595581356154734,0.734394522323432,2.70883913243513,72.1483334352382,5.86688277263394,-9.35756284525405,56.1413033003258
2022-11-03T14:26:46.646-06:00,2,0.683796238093945,0.690254891847132,4.82307016887225,195.213272090575,7.83032043135211,8.84792427267186,43.9715000776487
2022-11-03T14:26:46.738-06:00,2,0.621152747790101,0.648494040103687,2.97885159777048,119.839948937573,2.79481119261033,13.4348734973356,46.3845831094814
2022-11-03T14:26:46.843-06:00,2,0.621152747790101,0.648494040103687,2.97885159777048,119.839948937573,2.79481119261033,13.4348734973356,46.3845831094814
2022-11-03T14:26:46.955-06:00,2,0.710226856671225,0.600724950054996,1.64309087516431,103.92807192809,2.63693892655005,16.0869343378195,36.6807169202058
2022-11-03T14:26:47.048-06:00,2,0.683946925060076,0.651297545534464,1.43291903785057,27.7495283671507,3.83515873401431,-1.36976704147124,44.1822861840091
2022-11-03T14:26:47.141-06:00,2,0.705549599153033,0.650757978336462,2.69187452089824,3.49194223534831,5.61133205223452,1.96801831065334,40.3501506762081
2022-11-03T14:26:47.249-06:00,2,0.678820451337155,0.662160056767908,1.87997704207341,9.06605066177281,15.7680756061706,12.3033674694565,51.4778721746419
2022-11-03T14:26:47.342-06:00,2,0.740611111655953,0.664822605856626,1.90111153327439,74.7788404015235,4.66490807113643,-17.4259478016607,35.8675731146262
2022-11-03T14:26:47.451-06:00,2,0.65735075306636,0.615063763087543,0.246070355507397,44.5946776210071,10.487931778436,27.01368480181,54.4773496814875
2022-11-03T14:26:47.543-06:00,2,0.731255728397554,0.655031824436688,0.586275509197629,4.0336230932625,7.33751415105456,1.44118649805716,61.1156549870282
2022-11-03T14:26:47.651-06:00,2,0.640310357230413,0.765521484151746,0.877198178507276,111.196454703098,7.86660389152632,-30.3328638470106,52.1547159707278
2022-11-03T14:26:47.743-06:00,2,0.732235808614467,0.583803169798337,0.385517319109543,9.41236170758913,4.37760851278385,3.20137492964585,50.6742683658179
2022-11-03T14:26:47.852-06:00,2,0.755160116158427,0.611669306188869,0.104911949225483,94.0275018395028,9.51920178172632,4.71456879321532,55.1455682342533
2022-11-03T14:26:47.989-06:00,2,0.755160116158427,0.611669306188869,0.104911949225483,94.0275018395028,9.51920178172632,4.71456879321532,55.1455682342533
2022-11-03T14:26:48.100-06:00,2,0.550159267182972,0.636351342456288,0.659992347374338,145.612148161932,2.0218562043202,3.3365371926708,43.6827296167323
2022-11-03T14:26:48.193-06:00,2,0.596405495605137,0.765788181591436,4.02551643534969,25.2072827203878,6.32502521012174,2.55751988276103,55.3526293822183
2022-11-03T14:26:48.301-06:00,2,0.651744588940678,0.677342151215289,6.03399822213484,52.3585861676067,14.2084470682083,23.146126622024,49.7751423127512
2022-11-03T14:26:48.394-06:00,2,0.722006205496279,0.676022458842306,1.46812405103321,121.318154639636,2.47863649401964,-6.07706017000807,45.5938478642049
2022-11-03T14:26:48.487-06:00,2,0.677753702808664,0.684284732961158,2.40377810920214,161.922597268038,39.1559284381637,-11.7716752327633,50.0616659380688
2022-11-03T14:26:48.595-06:00,2,0.711348558709834,0.726433220850545,0.544200294220637,8.02054442070636,8.63314309030058,6.63473697705031,55.653624743171
2022-11-03T14:26:48.694-06:00,2,0.711348558709834,0.726433220850545,0.544200294220637,8.02054442070636,8.63314309030058,6.63473697705031,55.653624743171
2022-11-03T14:26:48.797-06:00,2,0.704997620764799,0.651184172831323,4.22001117690342,44.388358199552,3.82323304626038,1.84790817823963,46.4414839527229
2022-11-03T14:26:48.890-06:00,2,0.734754594346296,0.629966599244771,0.451079864683903,49.9158563871558,3.13343129954588,9.80717355742897,54.9447626760435
2022-11-03T14:26:48.998-06:00,2,0.595377806568057,0.674460047493315,1.80082537001821,86.8551082947996,9.35406375643489,-0.790262651116533,60.0663412647942
2022-11-03T14:26:49.091-06:00,2,0.695741101867902,0.702051205068734,2.07902285493093,41.0556770569862,14.2008900735431,19.1159358234429,58.2001114550926
2022-11-03T14:26:49.163-06:00,2,0.695741101867902,0.702051205068734,2.07902285493093,41.0556770569862,14.2008900735431,19.1159358234429,58.2001114550926
2022-11-03T14:26:49.261-06:00,2,0,0,0,0,0,0,0
2022-11-03T14:26:49.369-06:00,2,0,0,0,0,0,0,0
2022-11-03T14:26:49.462-06:00,2,0,0,0,0,0,0,0
2022-11-03T14:26:49.570-06:00,2,0,0,0,0,0,0,0
2022-11-03T14:26:49.663-06:00,2,0,0,0,0,0,0,0
2022-11-03T14:26:49.771-06:00,2,0,0,0,0,0,0,0
2022-11-03T14:26:49.864-06:00,2,0,0,0,0,0,0,0
2022-11-03T14:26:49.973-06:00,2,0,0,0,0,0,0,0
2022-11-03T14:26:50.065-06:00,2,0,0,0,0,0,0,0
2022-11-03T14:26:50.174-06:00,2,0,0,0,0,0,0,0
2022-11-03T14:26:53.369-06:00,2,0,0,0,0,0,0,0
2022-11-03T14:26:53.471-06:00,2,0,0,0,0,0,0,0
2022-11-03T14:26:53.579-06:00,2,0,0,0,0,0,0,0
2022-11-03T14:26:53.672-06:00,2,0,0,0,0,0,0,0
2022-11-03T14:26:53.781-06:00,2,0,0,0,0,0,0,0
2022-11-03T14:26:53.874-06:00,2,0,0,0,0,0,0,0
2022-11-03T14:26:53.967-06:00,2,0,0,0,0,0,0,0
2022-11-03T14:26:54.075-06:00,2,0,0,0,0,0,0,0
2022-11-03T14:26:54.168-06:00,2,0,0,0,0,0,0,0
2022-11-03T14:26:54.276-06:00,2,0,0,0,0,0,0,0
2022-11-03T14:26:54.369-06:00,2,0,0,0,0,0,0,0
2022-11-03T14:26:54.417-06:00,2,0,0,0,0,0,0,0
2022-11-03T14:26:54.524-06:00,2,0,0,0,0,0,0,0
2022-11-03T14:26:54.617-06:00,2,0,0,0,0,0,0,0
2022-11-03T14:26:54.725-06:00,2,0,0,0,0,0,0,0
2022-11-03T14:26:54.818-06:00,2,0,0,0,0,0,0,0
2022-11-03T14:26:54.927-06:00,2,0,0,0,0,0,0,0
2022-11-03T14:26:55.020-06:00,2,0,0,0,0,0,0,0
2022-11-03T14:26:55.128-06:00,2,0,0,0,0,0,0,0
2022-11-03T14:26:55.221-06:00,2,0,0,0,0,0,0,0
2022-11-03T14:26:55.329-06:00,2,0,0,0,0,0,0,0
2022-11-03T14:26:55.422-06:00,2,0,0,0,0,0,0,0
2022-11-03T14:26:55.466-06:00,2,0,0,0,0,0,0,0
2022-11-03T14:26:55.577-06:00,2,0.758707805157509,0.658946757684365,1.46880046229242,84.2459138537486,5.20202498201752,-5.21656349793605,39.9398818649325
2022-11-03T14:26:55.670-06:00,2,0.692304805567491,0.695248885858731,2.7359575856548,22.0123781176624,4.45954452246132,-5.29768257578288,51.8105010026118
2022-11-03T14:26:55.778-06:00,2,0.731823600902908,0.712184398195241,2.30773667296086,7.51413617601762,9.57395965690034,-0.0986475812846707,29.0925740274036
2022-11-03T14:26:55.871-06:00,2,0.697641309754306,0.755458783016219,1.44137956825371,144.159386557203,4.77126745357449,7.06840658462358,52.5405424508427
2022-11-03T14:26:55.964-06:00,2,0.61972268671995,0.625213711957321,1.33843722721035,34.2473506006878,4.99498429604908,-4.69236001267027,50.882026998766
2022-11-03T14:26:56.072-06:00,2,0.751915595786685,0.694351368276321,0.585148701339664,11.9451358380273,4.58447767090296,3.81013068821426,59.3933199570851
2022-11-03T14:26:56.164-06:00,2,0.776035141910085,0.570088054381129,3.15442251463909,14.5044164297279,5.68719790867711,-9.24022006933652,55.6653214556502
2022-11-03T14:26:56.273-06:00,2,0.70710583800141,0.652726864014053,0.48340062136208,0.304829475550312,2.82218211746595,-0.394849202528939,44.6359240577243
2022-11-03T14:26:56.366-06:00,2,0.740296285793124,0.72251922174796,0.0113521543187233,31.881934852562,4.73819783952197,-6.34932115725804,49.8684381260508
2022-11-03T14:26:56.474-06:00,2,0.693372227111806,0.567552887967969,1.3686998154427,41.7212403036653,4.28460205248088,-4.54774633683444,48.9102710100206
2022-11-03T14:26:56.561-06:00,2,0.693372227111806,0.567552887967969,1.3686998154427,41.7212403036653,4.28460205248088,-4.54774633683444,48.9102710100206
2022-11-03T14:26:56.660-06:00,2,0.692792341396099,0.687328621645355,0.894439410714323,82.4260900096463,6.05181153058647,0.571527845860607,50.4077752957841
2022-11-03T14:26:56.768-06:00,2,0.610142282159552,0.65377730814517,1.64833553595815,5.31099101666014,2.63009480875102,-7.15406478862939,63.588561282047
2022-11-03T14:26:56.861-06:00,2,0.602114079367018,0.664149849755621,1.75700507475468,9.92691895368491,6.11760824168146,50.1760973960561,36.8227066255702
2022-11-03T14:26:56.970-06:00,2,0.660553526471918,0.636949342083657,0.0477649011663053,16.8643417409365,8.25283199912722,8.89674561135458,41.4161364107553
2022-11-03T14:26:57.063-06:00,2,0.767563658981935,0.646373585187686,2.14388111602438,56.8758729493084,10.4658105494437,-4.31467757779398,55.1894950125643
2022-11-03T14:26:57.171-06:00,2,0.659834081267963,0.687424986713145,1.23147265410267,7.8084092734676,1.59956923305714,-4.13722775093687,29.9828364793001
2022-11-03T14:26:57.264-06:00,2,0.617098864671557,0.645681286955256,1.62897812147997,7.58929610472545,11.5240065673636,6.52762897800767,31.1036237864024
2022-11-03T14:26:57.373-06:00,2,0.687238865641549,0.598228194259472,3.17553825249902,48.1366683998387,3.82228228455471,9.50615781293456,38.667373709647
2022-11-03T14:26:57.466-06:00,2,0.643618169362235,0.775033652322779,0.0170780398358818,2.60983568603544,4.07001284939812,-7.99151336536362,51.3351975544273
2022-11-03T14:26:57.559-06:00,2,0.743647245087237,0.720806609049668,3.91278507609016,9.4233457339838,5.12134438914411,20.2185070981335,57.5012101291675
2022-11-03T14:26:57.665-06:00,2,0.743647245087237,0.720806609049668,3.91278507609016,9.4233457339838,5.12134438914411,20.2185070981335,57.5012101291675
2022-11-03T14:26:57.776-06:00,2,0.678567895647408,0.637664004240292,8.08603571425351,1.3986325936082,4.89308680751114,-3.92891811505265,43.670090365178
2022-11-03T14:26:57.869-06:00,2,0.63471759692499,0.746100059704248,3.12404291047392,5.15907529170007,9.12398473138611,-4.22860111655276,55.7569123946832
2022-11-03T14:26:57.977-06:00,2,0.628960715117284,0.676434603294259,0.446218096199657,263.333822544052,6.63339163918403,6.49393884901956,52.0240746970159
2022-11-03T14:26:58.070-06:00,2,0.621385725294659,0.763225818465668,2.18227300143147,48.3570701825865,6.44309778791904,-2.03333698638164,42.7667117404669
2022-11-03T14:26:58.163-06:00,2,0.694302932561763,0.6158423681667,7.49861838870164,37.2945013252193,4.91419363495477,-5.95373244153426,54.3680336349656
2022-11-03T14:26:58.272-06:00,2,0.700466080245819,0.635228326254791,1.43760194019124,20.2066636221124,9.53694930416625,17.4727562932459,49.577668490632
2022-11-03T14:26:58.365-06:00,2,0.747176185236144,0.701471417871335,0.269068844336256,103.411620670131,12.9295032346702,3.01871107096649,50.9765208549497
2022-11-03T14:26:58.473-06:00,2,0.648011180704539,0.638746607794202,0.886422668631984,145.864368746235,3.73414560563174,-1.68449598137138,26.9935224839142
2022-11-03T14:26:58.566-06:00,2,0.653378447065249,0.682180365416966,0.73094431144329,39.3039756118025,3.87649323781771,-6.34308914077217,51.8726155982886
2022-11-03T14:26:58.675-06:00,2,0.579947292300057,0.724572447569337,1.72337688616359,29.8676148322783,5.71841504109131,13.6549762398857,38.6850126540795
2022-11-03T14:26:58.778-06:00,2,0.579947292300057,0.724572447569337,1.72337688616359,29.8676148322783,5.71841504109131,13.6549762398857,38.6850126540795
2022-11-03T14:26:58.876-06:00,2,0.761098797304956,0.704816487066876,0.789541520107548,44.5466090166126,4.83780358342738,-4.92907836813432,62.554701612178
2022-11-03T14:26:58.985-06:00,2,0.687908595504112,0.765571530345168,0.687764713967347,59.1568956485971,12.6120911238912,11.0914286930274,49.2729333493931
2022-11-03T14:26:59.078-06:00,2,0.686472516126744,0.731464289938223,0.967526536593503,19.2792950927962,4.0716032589979,-7.38657151951742,42.143161813566
2022-11-03T14:26:59.187-06:00,2,0.627641542550607,0.64125156348805,1.73633911125302,142.456187906286,2.12260595035809,12.6757486231648,48.2443993720071
2022-11-03T14:26:59.279-06:00,2,0.699473639876145,0.626534635752312,0.312579540027067,33.9321903438395,6.19275149107813,-17.9677946014127,71.2792013429452
2022-11-03T14:26:59.388-06:00,2,0.5603000961836,0.634511545148197,0.782700777003712,75.1920741381577,6.45910928401013,-3.43631430374562,53.1848092678502
2022-11-03T14:26:59.481-06:00,2,0.679201852466069,0.701016171326796,5.20420601334115,4.19811835582992,6.58019184927856,1.46222446139232,48.9986573542235
2022-11-03T14:26:59.589-06:00,2,0.62328585081426,0.693464415626242,3.97388133514356,53.6956482273422,5.96764675534661,-31.9210830816306,34.7969274610043
2022-11-03T14:26:59.682-06:00,2,0.647074725460573,0.706795356009476,2.74481049628738,92.0114906095867,5.77479268305871,-17.3485832877784,37.2286720531426
2022-11-03T14:26:59.790-06:00,2,0.61714269453622,0.660638555447478,1.7912295221991,89.9252442544899,5.75338898436025,-30.8164704478211,67.6311066417096
2022-11-03T14:26:59.903-06:00,2,0.61714269453622,0.660638555447478,1.7912295221991,89.9252442544899,5.75338898436025,-30.8164704478211,67.6311066417096
2022-11-03T14:27:00.007-06:00,2,0.609817727140113,0.669189610487209,0.534522263635189,21.4222984549454,5.71797011970676,30.6741779746371,49.1275788236086
2022-11-03T14:27:00.100-06:00,2,0.662114654349685,0.687609709441252,2.45828165153445,3.13231696554583,7.08141645412817,4.38497053632095,42.7233098753241
2022-11-03T14:27:00.208-06:00,2,0.66341564947637,0.602206174225072,0.00166365754218421,42.2709013972776,2.68684308272897,4.41211017022032,43.739442351858
2022-11-03T14:27:00.301-06:00,2,0.68423727498535,0.564636883659682,1.18554386219968,5.05826394752076,9.58612966284514,22.3383127137715,54.9854988965741
2022-11-03T14:27:00.409-06:00,2,0.679404310313112,0.731772423066411,2.32595389854794,9.13787586008638,12.1317613000498,6.26438335999368,45.5027420245885
2022-11-03T14:27:00.502-06:00,2,0.597469924936965,0.746126541262652,1.48798259402344,179.635394079405,5.72850942819568,-9.8548559389898,47.6984043928635
2022-11-03T14:27:00.595-06:00,2,0.620991372862211,0.653104303603467,3.2303705792524,76.9945752062452,6.71434920434395,1.89884520641518,47.2447424117099
2022-11-03T14:27:00.703-06:00,2,0.723331767059182,0.741369245265492,2.41051589720872,15.7705944248339,8.27456479432583,-45.6287698036557,51.5782132571801
2022-11-03T14:27:00.796-06:00,2,0.718093070341831,0.682101309553354,1.00513265785787,12.8415029338909,11.04437346277,13.1959967140376,59.0681381572832
2022-11-03T14:27:00.904-06:00,2,0.724611311769869,0.656930984682205,2.99834568189878,49.5188344878367,9.17706359714012,-4.5146843362464,52.3833662732497
2022-11-03T14:27:01.012-06:00,2,0.724611311769869,0.656930984682205,2.99834568189878,49.5188344878367,9.17706359714012,-4.5146843362464,52.3833662732497
2022-11-03T14:27:01.121-06:00,2,0.654004736331143,0.73449638804771,0.159160337109674,109.381105884643,12.4274682927714,-17.3163224171344,68.7563200588726
2022-11-03T14:27:01.213-06:00,2,0.661812808815596,0.600143492781115,5.36367758144021,11.235023438201,2.52651777795765,7.54660046523633,48.0759204781464
2022-11-03T14:27:01.322-06:00,2,0.606521969891846,0.627802258878791,0.358676832472091,42.8584694562997,4.60604345385875,3.20342490467528,60.7838971488631
2022-11-03T14:27:01.415-06:00,2,0.684045961771344,0.752787083183911,1.24905221237468,83.3570695926297,11.4108975198022,0.817116718431847,47.1286267968468
2022-11-03T14:27:01.523-06:00,2,0.635084557497916,0.663717732221745,1.20939996452771,155.659512047451,3.11862071554792,-36.8706207012262,53.3556368995788
2022-11-03T14:27:01.616-06:00,2,0.596477607438715,0.634455158846533,4.55553327652571,17.591863215012,4.96302091645226,3.58236942311383,53.434840053982
2022-11-03T14:27:01.724-06:00,2,0.631460654968994,0.699347220616411,6.16377152899877,8.07430622766767,6.63277278362307,11.4837529385632,59.8238041143973
2022-11-03T14:27:01.817-06:00,2,0.643342851214038,0.525095336154796,1.0413710662281,14.4703142277983,8.83686496780466,30.6522408872386,36.1378462963647
2022-11-03T14:27:01.910-06:00,2,0.791399147945448,0.571728178013587,3.82439867957642,18.4029937063194,7.35474875337234,-7.12072616715114,52.8232750079144
2022-11-03T14:27:02.018-06:00,2,0.697639389147292,0.652829790296585,0.822398647330102,13.4263256532784,3.88952210182072,-24.2435560957207,48.023430292673
2022-11-03T14:27:02.130-06:00,2,0.697639389147292,0.652829790296585,0.822398647330102,13.4263256532784,3.88952210182072,-24.2435560957207,48.023430292673
2022-11-03T14:27:02.234-06:00,2,0.654967033983883,0.725072402346289,0.619510518896453,31.9235959256273,2.92432204278518,-0.282285841633927,62.6085244462639
2022-11-03T14:27:02.342-06:00,2,0.60408723320752,0.647069066118363,1.57297411813986,6.36319541436542,5.30082514815188,4.33580383190493,47.2083227599724
2022-11-03T14:27:02.435-06:00,2,0.710266167916151,0.587821841087523,2.04078661256737,131.939837066543,7.30628443707254,11.2854485889439,50.8263463792847
2022-11-03T14:27:02.528-06:00,2,0.695383826816629,0.698579057613908,0.635768406337214,10.0232222644053,17.8486152750644,-6.75521212620231,54.3309264331795
2022-11-03T14:27:02.636-06:00,2,0.706498888365951,0.761768425078197,1.66815163762624,2.87240151159077,9.42343705251966,3.56095391748369,56.4858662153612
2022-11-03T14:27:02.730-06:00,2,0.702197751593564,0.585795433635268,0.255984566987028,86.1714570643107,4.64796914555681,-10.9572943286334,53.4209188968091
2022-11-03T14:27:02.838-06:00,2,0.664144496525447,0.628106621428209,0.365613503297946,58.3029591572669,10.7663077229695,-7.16342881534915,47.8384176682996
2022-11-03T14:27:02.931-06:00,2,0.691486521097354,0.679838998382671,1.09711168565851,131.38619412086,23.1607940114071,-0.941621786226046,57.3453519271263
2022-11-03T14:27:03.039-06:00,2,0.55158853333787,0.743142747344054,3.18793354922204,108.003555773829,2.97096200319271,-5.20307860208461,24.6188600443832
2022-11-03T14:27:03.132-06:00,2,0.670963640703351,0.68299856956183,1.16349151653938,100.444529256441,9.64986478635002,-1.22114018258053,59.0027917663829
2022-11-03T14:27:03.227-06:00,2,0.670963640703351,0.68299856956183,1.16349151653938,100.444529256441,9.64986478635002,-1.22114018258053,59.0027917663829
2022-11-03T14:27:03.333-06:00,2,0,0,0,0,0,0,0
2022-11-03T14:27:03.426-06:00,2,0,0,0,0,0,0,0
2022-11-03T14:27:03.534-06:00,2,0,0,0,0,0,0,0
2022-11-03T14:27:03.627-06:00,2,0,0,0,0,0,0,0
2022-11-03T14:27:03.735-06:00,2,0,0,0,0,0,0,0
2022-11-03T14:27:03.828-06:00,2,0,0,0,0,0,0,0
2022-11-03T14:27:03.937-06:00,2,0,0,0,0,0,0,0
2022-11-03T14:27:04.029-06:00,2,0,0,0,0,0,0,0
2022-11-03T14:27:04.138-06:00,2,0,0,0,0,0,0,0
2022-11-03T14:27:04.231-06:00,2,0,0,0,0,0,0,0
2022-11-03T14:27:07.644-06:00,2,0,0,0,0,0,0,0
2022-11-03T14:27:07.746-06:00,2,0,0,0,0,0,0,0
2022-11-03T14:27:07.854-06:00,2,0,0,0,0,0,0,0
2022-11-03T14:27:07.947-06:00,2,0,0,0,0,0,0,0
2022-11-03T14:27:08.056-06:00,2,0,0,0,0,0,0,0
2022-11-03T14:27:08.149-06:00,2,0,0,0,0,0,0,0
2022-11-03T14:27:08.257-06:00,2,0,0,0,0,0,0,0
2022-11-03T14:27:08.350-06:00,2,0,0,0,0,0,0,0
2022-11-03T14:27:08.443-06:00,2,0,0,0,0,0,0,0
2022-11-03T14:27:08.551-06:00,2,0,0,0,0,0,0,0
2022-11-03T14:27:08.644-06:00,2,0,0,0,0,0,0,0
2022-11-03T14:27:08.702-06:00,2,0,0,0,0,0,0,0
2022-11-03T14:27:08.799-06:00,2,0,0,0,0,0,0,0
2022-11-03T14:27:08.907-06:00,2,0,0,0,0,0,0,0
2022-11-03T14:27:09.000-06:00,2,0,0,0,0,0,0,0
2022-11-03T14:27:09.109-06:00,2,0,0,0,0,0,0,0
2022-11-03T14:27:09.202-06:00,2,0,0,0,0,0,0,0
2022-11-03T14:27:09.310-06:00,2,0,0,0,0,0,0,0
2022-11-03T14:27:09.403-06:00,2,0,0,0,0,0,0,0
2022-11-03T14:27:09.511-06:00,2,0,0,0,0,0,0,0
2022-11-03T14:27:09.603-06:00,2,0,0,0,0,0,0,0
2022-11-03T14:27:09.712-06:00,2,0,0,0,0,0,0,0
2022-11-03T14:27:09.748-06:00,2,0,0,0,0,0,0,0
2022-11-03T14:27:09.851-06:00,2,0.680728353673779,0.694845001959291,1.01796276713648,53.8473810259534,4.84622755735106,-1.11821923015424,52.2335888521672
2022-11-03T14:27:09.959-06:00,2,0.756517565818418,0.668841864757631,3.54261835623136,41.1275241998412,7.49840683924255,-19.8438559017651,42.5337222064516
2022-11-03T14:27:10.052-06:00,2,0.710683901692394,0.710546655544991,1.89306749077155,34.8520157619537,4.2442751958354,8.9294528271403,44.2514735150653
2022-11-03T14:27:10.145-06:00,2,0.624082144954748,0.709080803446172,3.25273964754316,0.676282226518696,4.10899877622544,-3.92528580554382,46.018199822946
2022-11-03T14:27:10.258-06:00,2,0.688728295450776,0.658287359425522,3.08005603630069,40.1459378688713,3.00527832762161,-1.85652584787537,46.4867127400037
2022-11-03T14:27:10.347-06:00,2,0.625997220425966,0.67939667948543,2.90572979147562,14.6347802615948,2.97715690600979,0.511358512853613,45.6712675895585
2022-11-03T14:27:10.455-06:00,2,0.713914312986762,0.630204898347018,1.0069428461015,28.4546352764631,13.1598470078671,-27.4665706654484,55.3636457771783
2022-11-03T14:27:10.548-06:00,2,0.729938096034906,0.641865733685934,1.26007787799357,27.0648040884546,3.36052721950575,-30.2133488603966,50.7357270802759
2022-11-03T14:27:10.656-06:00,2,0.558273981762077,0.680319675486013,2.7691243533474,4.21581101711572,2.98761089233981,-6.98362177188951,47.7832977394799
2022-11-03T14:27:10.749-06:00,2,0.602670613376448,0.567874662162253,0.416160882458352,209.767604375999,3.63334403453053,-19.5545833393167,52.576150120063
2022-11-03T14:27:10.841-06:00,2,0.602670613376448,0.567874662162253,0.416160882458352,209.767604375999,3.63334403453053,-19.5545833393167,52.576150120063
2022-11-03T14:27:10.950-06:00,2,0.575405398502996,0.703570817639614,2.76477795771006,85.2499114458362,5.25730894923285,-0.141464786490828,45.1917007046447
2022-11-03T14:27:11.043-06:00,2,0.618124246711581,0.656011149951358,1.03928927096615,15.4840885383247,5.6366157123631,-3.2663836332093,45.3823075418781
2022-11-03T14:27:11.152-06:00,2,0.693182827813775,0.696273052063877,2.78493541421996,77.8727569565839,6.6538228082509,26.6320981234694,42.8357180038439
2022-11-03T14:27:11.245-06:00,2,0.600192000412332,0.599622314170277,1.66962821293163,4.39037468319555,14.831157151777,-7.99923192406994,60.7184341664752
2022-11-03T14:27:11.353-06:00,2,0.564649100781294,0.621722456990712,1.1868243810077,9.11477271058927,4.05126271348344,10.4603076355523,47.5273433114909
2022-11-03T14:27:11.446-06:00,2,0.628541398797637,0.687582655220965,2.22967365465033,63.5328748552619,18.4251807055918,-25.9828495110176,54.3973047767498
2022-11-03T14:27:11.539-06:00,2,0.607759774597145,0.654966290375237,2.71563482637466,103.781801144998,4.35545187583906,-2.93560678690978,41.2696346708318
2022-11-03T14:27:11.647-06:00,2,0.775316645661525,0.727809071134627,1.85244622707915,21.3772262979762,8.63091612607545,-2.39325991462682,54.0141621308039
2022-11-03T14:27:11.740-06:00,2,0.70446480484486,0.636422453444365,2.65835889977565,8.04273499061967,6.00508498368444,9.31451336044268,43.99660417516
2022-11-03T14:27:11.848-06:00,2,0.66166939940248,0.75569278846049,0.981869617036654,31.1719509554956,5.08042745033637,2.60884321187328,33.7942542174266
2022-11-03T14:27:11.972-06:00,2,0.66166939940248,0.75569278846049,0.981869617036654,31.1719509554956,5.08042745033637,2.60884321187328,33.7942542174266
2022-11-03T14:27:12.080-06:00,2,0.730807469456008,0.684127363544548,2.47283323022562,77.640783686807,4.04828228685046,2.45774530522774,42.8900919403973
2022-11-03T14:27:12.173-06:00,2,0.539650085644409,0.738813408717593,0.60829231125355,10.2183709766856,9.15896723462029,3.3442705758701,51.8711304225104
2022-11-03T14:27:12.281-06:00,2,0.797635411392769,0.706648888103945,1.96153700494956,11.4071113354453,4.4160977239223,8.93154192922122,48.6404513610325
2022-11-03T14:27:12.374-06:00,2,0.748866392856184,0.706291789645915,7.6777350259176,14.0121933490796,5.25898037425107,0.382133138631719,48.7053390201578
2022-11-03T14:27:12.482-06:00,2,0.618298856186978,0.637091714911467,1.32526589472167,49.8695782916429,6.53735703564874,-45.4000536858481,37.8978916254056
2022-11-03T14:27:12.575-06:00,2,0.762705952285284,0.600526429230672,0.918187861815913,300.719954049281,3.05891162787436,-1.38594163165105,52.7355474965682
2022-11-03T14:27:12.683-06:00,2,0.717643218462939,0.735398617797345,1.41374095022053,26.7372845810786,2.85926927214084,0.995616207618798,49.0627702364646
2022-11-03T14:27:12.776-06:00,2,0.639459490637076,0.582307033892111,5.63968206823464,21.5247297684287,10.2807389125314,-2.71066507101429,45.9988686476968
2022-11-03T14:27:12.886-06:00,2,0.73723759094038,0.617973586071716,0.00420793992463399,35.4165955831834,2.37162787339029,-2.24318079309085,51.9366263028801
2022-11-03T14:27:12.978-06:00,2,0.608013597728249,0.66886557506345,2.46525727314208,1.84314523141844,4.58292305991503,-6.35930943142323,42.2838108630048
2022-11-03T14:27:13.061-06:00,2,0.608013597728249,0.66886557506345,2.46525727314208,1.84314523141844,4.58292305991503,-6.35930943142323,42.2838108630048
2022-11-03T14:27:13.164-06:00,2,0.70379696745336,0.62876955342869,2.02116876682415,107.826462894009,22.1031197962145,-8.99121482062447,56.6938746887585
2022-11-03T14:27:13.272-06:00,2,0.620762594459045,0.618186076158402,0.275349476890543,8.06393679932909,4.72130142503741,4.64727751085266,50.9314767428788
2022-11-03T14:27:13.365-06:00,2,0.642098250648697,0.609276293821279,2.21511903711424,6.23266373939156,2.32939607557417,-0.768208033456047,58.0968494548971
2022-11-03T14:27:13.474-06:00,2,0.633492194032231,0.659898721891039,0.174675934315834,190.590832548808,5.3860060290737,-0.84694308393675,56.5537267767167
2022-11-03T14:27:13.567-06:00,2,0.690731643971006,0.661393251323772,3.06171654778235,10.1921653655271,3.80422541228576,-7.16934956328206,54.1791960449569
2022-11-03T14:27:13.660-06:00,2,0.647572280319998,0.645664177806325,4.0605355718046,42.9340509714648,5.1920919242153,7.97671288006797,69.8791877298442
2022-11-03T14:27:13.768-06:00,2,0.657309151758108,0.643216691348642,0.905509129932378,17.6272808510949,17.6258989075443,-24.286153736997,45.3666621221903
2022-11-03T14:27:13.861-06:00,2,0.543350497281502,0.585188692749854,1.56638122429236,97.5813597117493,7.38261788192029,14.2786463843522,65.5397786304534
2022-11-03T14:27:13.970-06:00,2,0.729769362962959,0.715597851380666,0.150409776109552,78.9487251339713,9.5031549362889,-7.27519126728344,32.2729125087825
2022-11-03T14:27:14.063-06:00,2,0.669567374776833,0.694408927887453,1.12946260663919,11.0766554804193,2.3174087518169,-50.0781719781539,46.4199963974519
2022-11-03T14:27:14.161-06:00,2,0.669567374776833,0.694408927887453,1.12946260663919,11.0766554804193,2.3174087518169,-50.0781719781539,46.4199963974519
2022-11-03T14:27:14.264-06:00,2,0.763142566139566,0.610562134944127,2.95600335549663,7.60174811582228,12.298968020324,13.0479839718728,54.4959492166331
2022-11-03T14:27:14.357-06:00,2,0.589520421107232,0.766419992560355,0.322552875566785,64.7537386476673,19.0942959015973,-11.8383003369632,56.6609554167241
2022-11-03T14:27:14.465-06:00,2,0.686945449801051,0.743227586811166,0.910342862259023,26.5528840863508,3.08185277205532,13.824869273933,55.2184121211477
2022-11-03T14:27:14.558-06:00,2,0.738038547961309,0.599646269740788,0.43152486864999,91.6434207187563,10.1182012056735,-0.875731940456836,46.7755083615704
2022-11-03T14:27:14.667-06:00,2,0.623927594791456,0.659225722712951,0.398913973193883,104.844893500669,22.7776682720509,-5.24875663365529,45.4679490913842
2022-11-03T14:27:14.760-06:00,2,0.65650970347928,0.630430417708296,0.760398685170185,47.8581714013471,12.2296591674863,5.91521472555968,43.6795281937114
2022-11-03T14:27:14.853-06:00,2,0.628991899166106,0.685336643664992,0.0509481090471234,111.462745499227,3.91689827639714,0.546857642810463,31.8211928499954
2022-11-03T14:27:14.961-06:00,2,0.554586854499191,0.672261063125123,1.09880399184186,11.4649537504241,12.8444172052318,-8.14214652092164,53.0398489679839
2022-11-03T14:27:15.053-06:00,2,0.596522986484336,0.627633100896952,0.57243127997648,36.6644845445959,12.5197174750091,20.7453502353178,42.2149537748548
2022-11-03T14:27:15.161-06:00,2,0.591156672580559,0.572274204265868,3.78611518970762,23.3355735714985,4.48041098855562,9.0214061825443,46.723296362533
2022-11-03T14:27:15.276-06:00,2,0.591156672580559,0.572274204265868,3.78611518970762,23.3355735714985,4.48041098855562,9.0214061825443,46.723296362533
2022-11-03T14:27:15.377-06:00,2,0.731548261141529,0.678964032811071,0.501260539153076,35.5656685291019,9.88010184180967,11.250448617258,57.1055003049755
2022-11-03T14:27:15.486-06:00,2,0.665481840146203,0.653151181732677,2.01949842500654,88.3830604023984,8.28975103104553,-5.04107839985938,66.2994222258543
2022-11-03T14:27:15.579-06:00,2,0.646304672842154,0.797330094374632,3.74592618350629,23.8258969428082,9.869518801311,19.6605975197359,37.6149103144075
2022-11-03T14:27:15.687-06:00,2,0.613180216089897,0.646973418955404,0.50490466143439,87.7143841722105,53.7880475913816,-0.422176313036192,65.4605181487964
2022-11-03T14:27:15.780-06:00,2,0.61698063360712,0.536729969612975,0.572646073768601,16.3587582092582,4.49530311440471,-3.96421355250674,64.5360335519095
2022-11-03T14:27:15.888-06:00,2,0.610516425572108,0.650118176382995,0.230073657039819,0.850876520595646,3.61114125330089,-10.0052812773158,64.9706783069781
2022-11-03T14:27:15.981-06:00,2,0.648319038795948,0.627425233889167,2.16808843633409,11.6327196073876,2.14208757673754,-4.9829436245245,66.2602212236769
2022-11-03T14:27:16.074-06:00,2,0.682784699275412,0.776760476234857,0.38617518841375,124.982244195894,4.03186468941281,16.029071409371,57.6438184490898
2022-11-03T14:27:16.183-06:00,2,0.6159023425303,0.726165004026954,0.916774610513073,93.5749335471992,4.12538346596555,-6.69612871697721,50.5824845987171
2022-11-03T14:27:16.276-06:00,2,0.668493244854715,0.701666542411378,0.944115319456401,11.8893090399258,4.63266937793406,-0.435296662141913,45.7115652107987
2022-11-03T14:27:16.379-06:00,2,0.668493244854715,0.701666542411378,0.944115319456401,11.8893090399258,4.63266937793406,-0.435296662141913,45.7115652107987
2022-11-03T14:27:16.477-06:00,2,0.690320417385867,0.741201315698125,8.59302186466678,20.0857163335315,4.21163264002888,-11.8049432227692,36.272228377147
2022-11-03T14:27:16.585-06:00,2,0.692673012223896,0.698976068452824,0.815263227560428,9.57281282764117,7.7043587779428,12.360389918157,46.4088664815499
2022-11-03T14:27:16.678-06:00,2,0.725601190613807,0.66682164537919,0.544092573404952,13.5895873496133,5.1391650930039,-1.25797739660847,26.3002051215384
2022-11-03T14:27:16.787-06:00,2,0.711696485954287,0.752026344829773,3.83141156824518,45.554248706632,9.23491995603385,-2.98383581752817,50.5956016084011
2022-11-03T14:27:16.880-06:00,2,0.686019688128951,0.689442144237758,10.1051257320827,34.5468763586403,8.13338323132286,0.983190461781084,55.2617473179361
2022-11-03T14:27:16.988-06:00,2,0.638309602324327,0.641265127531747,0.330619868293754,29.5394721554276,3.69028900644759,-4.38428878629131,41.8383218187836
2022-11-03T14:27:17.081-06:00,2,0.625476547050351,0.630140629282231,4.08518188327807,151.94741445445,2.94242223277111,-13.765283207096,39.5427281583922
2022-11-03T14:27:17.190-06:00,2,0.704460789485866,0.766305326545381,0.257052215788074,74.8717874703995,6.01950041800842,31.335193977502,53.0529710821331
2022-11-03T14:27:17.282-06:00,2,0.587392305907912,0.721380149528552,1.72713080402922,10.1711479857777,3.65222828038894,6.47370322217867,52.7911738882715
2022-11-03T14:27:17.390-06:00,2,0.668483048628113,0.693595218065499,0.772589842268244,257.141513182337,4.3215590684361,17.981360568362,62.1080088756838
2022-11-03T14:27:17.472-06:00,2,0.668483048628113,0.693595218065499,0.772589842268244,257.141513182337,4.3215590684361,17.981360568362,62.1080088756838
2022-11-03T14:27:17.576-06:00,2,0,0,0,0,0,0,0
2022-11-03T14:27:17.684-06:00,2,0,0,0,0,0,0,0
2022-11-03T14:27:17.777-06:00,2,0,0,0,0,0,0,0
2022-11-03T14:27:17.870-06:00,2,0,0,0,0,0,0,0
2022-11-03T14:27:17.978-06:00,2,0,0,0,0,0,0,0
2022-11-03T14:27:18.071-06:00,2,0,0,0,0,0,0,0
2022-11-03T14:27:18.179-06:00,2,0,0,0,0,0,0,0
2022-11-03T14:27:18.272-06:00,2,0,0,0,0,0,0,0
2022-11-03T14:27:18.380-06:00,2,0,0,0,0,0,0,0
2022-11-03T14:27:18.473-06:00,2,0,0,0,0,0,0,0
2022-11-03T14:27:21.926-06:00,2,0,0,0,0,0,0,0
2022-11-03T14:27:22.035-06:00,2,0,0,0,0,0,0,0
2022-11-03T14:27:22.128-06:00,2,0,0,0,0,0,0,0
2022-11-03T14:27:22.236-06:00,2,0,0,0,0,0,0,0
2022-11-03T14:27:22.330-06:00,2,0,0,0,0,0,0,0
2022-11-03T14:27:22.438-06:00,2,0,0,0,0,0,0,0
2022-11-03T14:27:22.531-06:00,2,0,0,0,0,0,0,0
2022-11-03T14:27:22.639-06:00,2,0,0,0,0,0,0,0
2022-11-03T14:27:22.732-06:00,2,0,0,0,0,0,0,0
2022-11-03T14:27:22.825-06:00,2,0,0,0,0,0,0,0
2022-11-03T14:27:22.934-06:00,2,0,0,0,0,0,0,0
2022-11-03T14:27:22.978-06:00,2,0,0,0,0,0,0,0
2022-11-03T14:27:23.088-06:00,2,0,0,0,0,0,0,0
2022-11-03T14:27:23.182-06:00,2,0,0,0,0,0,0,0
2022-11-03T14:27:23.290-06:00,2,0,0,0,0,0,0,0
2022-11-03T14:27:23.383-06:00,2,0,0,0,0,0,0,0
2022-11-03T14:27:23.476-06:00,2,0,0,0,0,0,0,0
2022-11-03T14:27:23.586-06:00,2,0,0,0,0,0,0,0
2022-11-03T14:27:23.678-06:00,2,0,0,0,0,0,0,0
2022-11-03T14:27:23.786-06:00,2,0,0,0,0,0,0,0
2022-11-03T14:27:23.879-06:00,2,0,0,0,0,0,0,0
2022-11-03T14:27:23.988-06:00,2,0,0,0,0,0,0,0
2022-11-03T14:27:24.034-06:00,2,0,0,0,0,0,0,0
2022-11-03T14:27:24.142-06:00,2,0.684781232366282,0.721916012051542,1.70931279809555,89.7573581705193,2.82475485155139,-10.7338570481739,40.5570556017017
2022-11-03T14:27:24.235-06:00,2,0.658458945433159,0.641890194866235,0.650334043097266,105.65182884504,18.5644279304792,1.88100664516598,39.4419823198676
2022-11-03T14:27:24.344-06:00,2,0.550213840019456,0.757925049490247,0.949428764651989,98.7411297238155,5.00631003318229,4.98498116802751,46.0409653265471
2022-11-03T14:27:24.436-06:00,2,0.622513432707975,0.639487645378969,0.949546416344521,11.0704998146738,7.118613709491,-2.80572111839262,47.9174842782379
2022-11-03T14:27:24.545-06:00,2,0.699133221767583,0.643008894528032,1.33868397977337,21.3254573978735,10.5207033049642,-5.8576829878034,58.6004641326425
2022-11-03T14:27:24.638-06:00,2,0.781480626059175,0.658304629765458,2.79212978007741,59.6719611625141,4.59833356079246,-7.27079351074072,56.6065185166497
2022-11-03T14:27:24.746-06:00,2,0.643301041026372,0.751071326448349,0.656481524399588,27.0705959312824,3.67996027230281,-2.96437363229172,60.0852655999899
2022-11-03T14:27:24.839-06:00,2,0.610523886991627,0.686477786611942,0.0992109723326663,128.880930925676,6.42215100295623,15.8556386991,43.9729751631082
2022-11-03T14:27:24.947-06:00,2,0.673975329428445,0.673607578668946,4.68099592324848,8.53429138898955,4.53453853939372,19.0790648032996,56.2097685787967
2022-11-03T14:27:25.040-06:00,2,0.670539704619945,0.699873949741292,5.15739821359918,164.30049951328,16.564003314303,12.3023096149121,52.2964618244522
2022-11-03T14:27:25.142-06:00,2,0.670539704619945,0.699873949741292,5.15739821359918,164.30049951328,16.564003314303,12.3023096149121,52.2964618244522
2022-11-03T14:27:25.242-06:00,2,0.698247174055709,0.678436898170038,3.41707079005412,9.37506180997386,5.27665609174095,-6.29192108600263,42.9251138912776
2022-11-03T14:27:25.350-06:00,2,0.662951002697695,0.704730795367729,1.55765199144356,0.661919874522675,5.9904986869128,9.75471288834427,43.7718582943534
2022-11-03T14:27:25.443-06:00,2,0.686426546015558,0.676688383100588,1.81594593568749,58.7697301292959,4.45870652857863,1.74225340240956,39.8885537226401
2022-11-03T14:27:25.552-06:00,2,0.631543758681432,0.650805520025864,2.31326201999,39.4873183132345,3.84435729730372,11.4394284420656,52.4458926984898
2022-11-03T14:27:25.645-06:00,2,0.655103549036118,0.717340825336762,1.91002517932245,84.4671999017892,12.9112576560541,10.7789859202226,38.2311106506774
2022-11-03T14:27:25.753-06:00,2,0.69322055266033,0.614701859660091,1.2083599601697,55.4157842724718,12.6358211380216,2.41494370965014,38.7379318421716
2022-11-03T14:27:25.846-06:00,2,0.651246476303538,0.727669410218488,0.584622051809735,33.7847049035853,3.60569810232902,-10.7131193247111,59.4579789521933
2022-11-03T14:27:25.939-06:00,2,0.59732376708933,0.676167984252273,0.202528838872004,38.7817002625402,6.66827408873943,1.72165303824866,58.6962066910771
2022-11-03T14:27:26.047-06:00,2,0.651433504814468,0.607654563396225,0.224945599472757,28.2507020649672,6.23725244881794,10.0877401726456,68.6473115637462
2022-11-03T14:27:26.140-06:00,2,0.651883912668695,0.661138400103518,2.34834340244201,27.0422961390382,9.49818363666914,5.6790203809751,55.9486004428398
2022-11-03T14:27:26.245-06:00,2,0.651883912668695,0.661138400103518,2.34834340244201,27.0422961390382,9.49818363666914,5.6790203809751,55.9486004428398
2022-11-03T14:27:26.357-06:00,2,0.668984298407131,0.723944973650833,0.0689680384714719,17.8588229845439,7.96984376909411,13.7610227592894,54.0526905438319
2022-11-03T14:27:26.450-06:00,2,0.748232736257641,0.669944071433847,1.27939845909886,3.32678371356249,6.16521184497099,-4.12067057798444,49.748400962903
2022-11-03T14:27:26.543-06:00,2,0.699064802324643,0.682752565121566,2.99878283301817,2.4155057481958,3.9678145773928,0.313218610452085,60.9506653039407
2022-11-03T14:27:26.652-06:00,2,0.672172077351751,0.617112186049078,3.19907834727015,56.0500735843944,13.2705935549494,-20.4503665994844,59.8383496255718
2022-11-03T14:27:26.745-06:00,2,0.676365090701556,0.728767779256948,0.0252951680730359,30.0295902568521,7.64008814721018,2.19564025591339,65.7112866808102
2022-11-03T14:27:26.853-06:00,2,0.595769807379236,0.618633114546293,4.41662637267819,32.9644533301937,6.88457219095785,-1.84150385463188,66.1826271158509
2022-11-03T14:27:26.946-06:00,2,0.691643176177536,0.73194261821916,0.626990729283771,37.4979733910062,3.70682098399971,7.50322109761655,43.7009327030733
2022-11-03T14:27:27.055-06:00,2,0.676826245814754,0.611246341892559,0.813241103490554,47.9978991144322,10.4787311240898,-17.8249063092187,49.7823494868713
2022-11-03T14:27:27.148-06:00,2,0.556516995469265,0.635745656495873,3.98191367810115,123.136650376975,6.39927534823741,-15.5341919015113,42.7257755242099
2022-11-03T14:27:27.256-06:00,2,0.719192250050345,0.609054886829242,4.20889965995564,50.2129200559585,3.59221207640886,1.79411316559969,45.4088428573976
2022-11-03T14:27:27.351-06:00,2,0.719192250050345,0.609054886829242,4.20889965995564,50.2129200559585,3.59221207640886,1.79411316559969,45.4088428573976
2022-11-03T14:27:27.458-06:00,2,0.671024315145468,0.656841325799182,1.33462827342804,13.4065167219493,7.36616058876276,-19.8288617595973,68.3598012699487
2022-11-03T14:27:27.551-06:00,2,0.720756093478052,0.640071372970279,0.557819597052731,74.3677229636862,3.15057650438957,-12.8342858581894,43.2053968901363
2022-11-03T14:27:27.659-06:00,2,0.6294596815727,0.755373145920372,1.69835430630744,23.3829502520366,6.72311735437269,-25.3243170381394,37.4650461737923
2022-11-03T14:27:27.752-06:00,2,0.639307726356127,0.657508074841595,3.11819794391027,86.5869345986049,9.79402729821961,18.8698043771089,40.9386151653656
2022-11-03T14:27:27.861-06:00,2,0.663466581248838,0.692621220042088,0.651227080845442,177.43568163445,3.71872835819632,6.64754083468724,61.0506200074243
2022-11-03T14:27:27.954-06:00,2,0.611717338503286,0.673822452200125,3.32669898442675,71.6981300827063,4.04251111717718,-13.2761571984476,56.3786571742235
2022-11-03T14:27:28.062-06:00,2,0.655734427867966,0.638459575231804,0.878465522699535,5.70906422505354,11.7803533023244,-0.52167737812342,49.7566726276122
2022-11-03T14:27:28.155-06:00,2,0.662983120757375,0.606619292253546,6.8660868618752,12.9656159523469,4.07637246241679,3.65893799797046,49.5507913337634
2022-11-03T14:27:28.263-06:00,2,0.542180687575694,0.670010663286569,0.534629621193525,95.9998434909287,6.67617922990069,4.5048471080305,58.5838831860573
2022-11-03T14:27:28.356-06:00,2,0.723830077432872,0.664022731700387,0.672689649727831,41.7937365785174,8.04659192852396,-1.82939612199143,46.1383123314394
2022-11-03T14:27:28.485-06:00,2,0.723830077432872,0.664022731700387,0.672689649727831,41.7937365785174,8.04659192852396,-1.82939612199143,46.1383123314394
2022-11-03T14:27:28.589-06:00,2,0.609996867925379,0.673639753089854,0.417939945431445,118.384396960592,7.55855176630715,2.08402781143081,62.6885266280665
2022-11-03T14:27:28.682-06:00,2,0.692590826470337,0.671851094725085,1.00065591918248,62.6521690652085,6.39259639384619,-6.33747891431771,44.5184679531821
2022-11-03T14:27:28.790-06:00,2,0.718550815183387,0.596897394414588,0.668685310543136,39.0295023749621,2.44212146012958,8.81653458303998,35.3206365116158
2022-11-03T14:27:28.883-06:00,2,0.664605738501583,0.690976586752046,2.25601928980733,7.90306761794429,6.36605471945761,0.719830775799652,56.8032544741089
2022-11-03T14:27:28.991-06:00,2,0.621557959807495,0.70283667669292,5.18596931450981,22.2570431985745,4.51267838190071,-6.5892067274098,54.973537321526
2022-11-03T14:27:29.084-06:00,2,0.744737074189805,0.69185641035022,0.154733745776844,16.5197534812113,7.88187103224225,-11.7390498685777,52.414339644616
2022-11-03T14:27:29.177-06:00,2,0.643887754425769,0.605281832969092,0.763770061877194,112.898440873091,1.71910991762573,-2.63804234756595,40.6216137011534
2022-11-03T14:27:29.286-06:00,2,0.662720576034733,0.719341344293298,1.16541707707778,36.6812568394925,19.6920741169491,-6.29310096799387,53.808431825418
2022-11-03T14:27:29.379-06:00,2,0.687559063967196,0.738641833823837,0.403828353610018,18.2460305453546,7.09237596453948,-6.45503324736594,38.515066666896
2022-11-03T14:27:29.487-06:00,2,0.718321091809021,0.613212082977296,0.141368748699515,15.0003306418696,15.2610294033783,6.72100255347908,48.9545009588076
2022-11-03T14:27:29.606-06:00,2,0.718321091809021,0.613212082977296,0.141368748699515,15.0003306418696,15.2610294033783,6.72100255347908,48.9545009588076
2022-11-03T14:27:29.704-06:00,2,0.694351924354424,0.700996098231747,0.193009304659674,157.467969124201,4.63732815319476,-13.7400629662849,50.9692584536625
2022-11-03T14:27:29.813-06:00,2,0.75095674794662,0.688726929704927,1.12812972757852,97.0577268905469,7.10898988250658,-5.34650552936522,42.1161957224126
2022-11-03T14:27:29.906-06:00,2,0.643775069475453,0.692077995218688,2.24398920382578,40.1802090794914,2.93806072142828,10.751160147968,65.2559184247351
2022-11-03T14:27:30.014-06:00,2,0.645142116195797,0.678516662318296,0.0160946870777273,35.296757593088,9.56992876997649,12.0500592106711,50.2724455537835
2022-11-03T14:27:30.107-06:00,2,0.593654191057894,0.7351084106821,0.756056882485438,39.9398462825914,3.98632510304975,10.0742811148122,58.3836060625612
2022-11-03T14:27:30.215-06:00,2,0.654020203711,0.686143907219213,2.64740514106254,6.59707934069766,2.96116636591298,-12.0184419714209,31.6179023671641
2022-11-03T14:27:30.308-06:00,2,0.64548219917233,0.68163368211284,0.786417309081553,19.5170305524858,13.6889209671098,-0.491249196455622,49.592867574085
2022-11-03T14:27:30.416-06:00,2,0.705693602550102,0.689068445245742,0.728162561925054,0.711787844372825,3.22026275176356,7.60585600758965,37.0038485246878
2022-11-03T14:27:30.509-06:00,2,0.695588163409704,0.552582637431547,3.51814013390689,45.1393319247631,6.52358799125701,6.30714946649223,53.1449407359391
2022-11-03T14:27:30.618-06:00,2,0.621776735978817,0.625882306028138,0.54019093022035,5.07538660419384,8.06110995167628,0.479144786487206,54.5641548779749
2022-11-03T14:27:30.704-06:00,2,0.621776735978817,0.625882306028138,0.54019093022035,5.07538660419384,8.06110995167628,0.479144786487206,54.5641548779749
2022-11-03T14:27:30.804-06:00,2,0.586324641928739,0.626454900809139,0.0495899068377213,38.2543376419525,9.04132925193969,-11.9001820631273,43.2084620928929
2022-11-03T14:27:30.912-06:00,2,0.771296809349821,0.698339289387313,0.856320454914069,19.2080535880629,4.0101444191717,-4.3754197035784,53.2525152942198
2022-11-03T14:27:31.005-06:00,2,0.689732303405035,0.684024187212788,7.61334633754072,0.240788150857609,11.5886378731257,-9.72661024639285,25.2349918900176
2022-11-03T14:27:31.113-06:00,2,0.590626511282007,0.573562476339657,0.967966671950317,80.2966970262647,17.943263916309,0.82706230901806,57.5176084990175
2022-11-03T14:27:31.205-06:00,2,0.714405767943681,0.652311350612037,1.56719545438048,25.6103537676443,4.30456129429566,-15.888531235446,58.9096888224142
2022-11-03T14:27:31.313-06:00,2,0.647261046813464,0.634171214846673,1.88090330250887,58.6738024008493,5.82619617382616,-6.27254989598105,42.2676046334813
2022-11-03T14:27:31.406-06:00,2,0.628836267103516,0.810461650386608,1.77955352687875,23.2420730882557,5.15613539616641,-16.7974492031558,54.8978580064866
2022-11-03T14:27:31.515-06:00,2,0.655120239108809,0.623719523160595,0.766932980552185,24.6971404376848,3.45427001535263,-20.3860020968127,60.3019260867504
2022-11-03T14:27:31.608-06:00,2,0.686881625077256,0.680068080725029,2.00882402346652,26.3952862921094,4.88771842675885,8.47064734216404,46.2352783466569
2022-11-03T14:27:31.716-06:00,2,0.731856719606147,0.724947167052059,1.57107419344125,47.5875251315954,4.52108287906406,-18.6246418051457,30.1069630662696
2022-11-03T14:27:31.800-06:00,2,0.731856719606147,0.724947167052059,1.57107419344125,47.5875251315954,4.52108287906406,-18.6246418051457,30.1069630662696
2022-11-03T14:27:31.902-06:00,2,0,0,0,0,0,0,0
2022-11-03T14:27:32.010-06:00,2,0,0,0,0,0,0,0
2022-11-03T14:27:32.103-06:00,2,0,0,0,0,0,0,0
2022-11-03T14:27:32.212-06:00,2,0,0,0,0,0,0,0
2022-11-03T14:27:32.305-06:00,2,0,0,0,0,0,0,0
2022-11-03T14:27:32.398-06:00,2,0,0,0,0,0,0,0
2022-11-03T14:27:32.506-06:00,2,0,0,0,0,0,0,0
2022-11-03T14:27:32.599-06:00,2,0,0,0,0,0,0,0
2022-11-03T14:27:32.707-06:00,2,0,0,0,0,0,0,0
2022-11-03T14:27:32.800-06:00,2,0,0,0,0,0,0,0
2022-11-03T14:27:36.214-06:00,2,0,0,0,0,0,0,0
2022-11-03T14:27:36.316-06:00,2,0,0,0,0,0,0,0
2022-11-03T14:27:36.425-06:00,2,0,0,0,0,0,0,0
2022-11-03T14:27:36.518-06:00,2,0,0,0,0,0,0,0
2022-11-03T14:27:36.626-06:00,2,0,0,0,0,0,0,0
2022-11-03T14:27:36.719-06:00,2,0,0,0,0,0,0,0
2022-11-03T14:27:36.812-06:00,2,0,0,0,0,0,0,0
2022-11-03T14:27:36.921-06:00,2,0,0,0,0,0,0,0
2022-11-03T14:27:37.015-06:00,2,0,0,0,0,0,0,0
2022-11-03T14:27:37.122-06:00,2,0,0,0,0,0,0,0
2022-11-03T14:27:37.215-06:00,2,0,0,0,0,0,0,0
2022-11-03T14:27:37.265-06:00,2,0,0,0,0,0,0,0
2022-11-03T14:27:37.370-06:00,2,0,0,0,0,0,0,0
2022-11-03T14:27:37.463-06:00,2,0,0,0,0,0,0,0
2022-11-03T14:27:37.571-06:00,2,0,0,0,0,0,0,0
2022-11-03T14:27:37.664-06:00,2,0,0,0,0,0,0,0
2022-11-03T14:27:37.773-06:00,2,0,0,0,0,0,0,0
2022-11-03T14:27:37.866-06:00,2,0,0,0,0,0,0,0
2022-11-03T14:27:37.974-06:00,2,0,0,0,0,0,0,0
2022-11-03T14:27:38.067-06:00,2,0,0,0,0,0,0,0
2022-11-03T14:27:38.176-06:00,2,0,0,0,0,0,0,0
2022-11-03T14:27:38.269-06:00,2,0,0,0,0,0,0,0
2022-11-03T14:27:38.343-06:00,2,0,0,0,0,0,0,0
2022-11-03T14:27:38.455-06:00,2,0.742393769903535,0.636634248189665,3.21774602958145,29.7941690890746,8.41945882303165,4.21516954579181,57.0134223991461
2022-11-03T14:27:38.548-06:00,2,0.667292161757753,0.575216543011837,2.32041382474624,74.3874329397284,2.90522756692955,-6.39777003086696,64.1586020713777
2022-11-03T14:27:38.641-06:00,2,0.635667297185306,0.738782708101809,1.01980975522826,99.2637779613269,5.75938191074443,-6.31391288725387,54.2928811164926
2022-11-03T14:27:38.749-06:00,2,0.710996694042363,0.617976581760604,0.189666267020308,25.1338806970598,7.19833511153363,3.04922192363758,57.7156964773727
2022-11-03T14:27:38.842-06:00,2,0.695178314705165,0.608194105666644,0.831871443662,26.8888756621388,5.08644275256642,6.26554441786619,60.8828176694186
2022-11-03T14:27:38.951-06:00,2,0.701546029575068,0.626782225638478,3.08420298470643,3.32423571218874,4.26385893612432,3.06770741741559,68.6214191944876
2022-11-03T14:27:39.043-06:00,2,0.613897996381221,0.571924385671413,2.31161343908438,78.6436679388869,3.27694808680698,3.22796825190099,40.5617807391348
2022-11-03T14:27:39.152-06:00,2,0.6865456054889,0.68305632402814,0.207255082873567,7.48599505549547,6.37572358322988,17.6280460606601,53.5046130582156
2022-11-03T14:27:39.245-06:00,2,0.618171062359479,0.611614008254778,2.70718492214727,31.2367399465966,11.2275580090983,-5.33938082109443,43.9428504462938
2022-11-03T14:27:39.353-06:00,2,0.666817841221076,0.608346054091896,3.12198765710335,28.1890613908051,7.69976501127233,8.5259141036378,39.9320506827434
2022-11-03T14:27:39.457-06:00,2,0.666817841221076,0.608346054091896,3.12198765710335,28.1890613908051,7.69976501127233,8.5259141036378,39.9320506827434
2022-11-03T14:27:39.555-06:00,2,0.686066478177003,0.686497078993325,1.38326925363839,67.1142950924207,2.01970404060002,12.3064031238713,34.1365770866176
2022-11-03T14:27:39.663-06:00,2,0.595582103644541,0.642576569555426,0.0630088986353886,23.6849774226572,5.42648595990179,4.33470867751189,48.8379597073751
2022-11-03T14:27:39.756-06:00,2,0.65128533080522,0.681861406130801,1.42640549503076,5.60981516061971,5.19140987436186,-19.86283149991,44.2827471206528
2022-11-03T14:27:39.864-06:00,2,0.612520418169827,0.685008655943563,0.844102724080937,16.5683045480221,13.8844774091973,10.6857318106264,59.8759185050941
2022-11-03T14:27:39.957-06:00,2,0.661258889018356,0.693221554176434,3.68026085965864,75.1090916333253,12.4850780742127,-3.58408627590493,47.5333168017049
2022-11-03T14:27:40.066-06:00,2,0.665902589762549,0.693691061695863,0.0849426651804507,8.32443150693346,2.45495023354091,35.7318636329475,28.2532599981958
2022-11-03T14:27:40.158-06:00,2,0.656522815176176,0.626869296564097,1.86891789934707,23.7491043921826,2.64507486866366,-13.7806916385654,53.2333761623628
2022-11-03T14:27:40.266-06:00,2,0.727909211001065,0.538855927054298,3.62361004209592,66.3804515132605,7.60767255411073,-16.9876384380225,54.7161386912429
2022-11-03T14:27:40.360-06:00,2,0.582041056598476,0.628890867982039,1.4217706264025,17.800245389009,4.80248588092859,-4.43473222517106,43.237393731677
2022-11-03T14:27:40.468-06:00,2,0.679240217897882,0.633901236285338,0.207060016314885,15.5995558230641,3.12249500150101,23.1267684651852,36.2660020118333
2022-11-03T14:27:40.555-06:00,2,0.679240217897882,0.633901236285338,0.207060016314885,15.5995558230641,3.12249500150101,23.1267684651852,36.2660020118333
2022-11-03T14:27:40.653-06:00,2,0.626003634696436,0.608387009383498,1.07066759031841,13.1591684306816,19.9032946206796,-0.799923405336435,56.1331692216314
2022-11-03T14:27:40.760-06:00,2,0.702194923959532,0.552380687407098,3.75510985137541,2.67558086283326,6.30285386596798,20.4453567625947,49.5656253368864
2022-11-03T14:27:40.853-06:00,2,0.569642274685739,0.727232302367005,10.5168196176321,48.9713927664418,3.83245618263029,-6.78410644756533,61.056555933235
2022-11-03T14:27:40.962-06:00,2,0.630738388036066,0.784888113367624,3.22183876394435,108.991306533289,4.55673628007018,47.8277382410729,26.9600508390886
2022-11-03T14:27:41.055-06:00,2,0.563106992207406,0.603583588057039,7.91190963405329,48.4305963542518,3.07047076260722,-2.34526990557492,51.628861344847
2022-11-03T14:27:41.163-06:00,2,0.687488016495898,0.67863763591653,0.174808156050286,19.5930264565034,2.23445572940361,8.97330881733608,56.0978845556534
2022-11-03T14:27:41.256-06:00,2,0.65149267266233,0.718721687636836,3.29360701676941,16.0617337073496,4.79218519902815,-1.49269478649432,56.6418355024136
2022-11-03T14:27:41.364-06:00,2,0.698595385310074,0.664922776607242,3.8708732928219,80.4103630426704,4.66014476260277,7.33652809759002,37.8478998669953
2022-11-03T14:27:41.457-06:00,2,0.626777719660548,0.626570356637623,0.690123933414925,100.797924822627,3.72522976139446,-26.0104293500531,39.1629739606895
2022-11-03T14:27:41.566-06:00,2,0.552938197591188,0.702320139498707,2.69687084128522,56.151630100339,3.56819914717925,37.3808159125122,67.463986105093
2022-11-03T14:27:41.651-06:00,2,0.552938197591188,0.702320139498707,2.69687084128522,56.151630100339,3.56819914717925,37.3808159125122,67.463986105093
2022-11-03T14:27:41.752-06:00,2,0.61446196227921,0.640444963891352,2.6637472464405,4.79409562733976,8.76552331845057,24.0972168770901,74.7589656337983
2022-11-03T14:27:41.860-06:00,2,0.60438461521011,0.67967148521285,0.267095672867187,67.298644201237,4.64802170801383,0.476034368670245,40.1584914062235
2022-11-03T14:27:41.953-06:00,2,0.593691357584669,0.741679783449271,0.700719919984255,32.8901137578438,4.58137262189611,10.17420169377,53.6586926135071
2022-11-03T14:27:42.062-06:00,2,0.726891139863276,0.702078796800848,3.12896186397147,0.644534815023927,7.57619485271377,-22.5079715817202,59.0138198092033
2022-11-03T14:27:42.155-06:00,2,0.633170332806288,0.680640594090317,3.00448517176155,17.8499995642977,2.32368760522131,-8.86376628081909,61.5417633102183
2022-11-03T14:27:42.263-06:00,2,0.690288786152224,0.759867006404365,7.86710561365088,58.0208767167464,6.10665090015926,-6.91910388898765,62.2035591063365
2022-11-03T14:27:42.356-06:00,2,0.707395312273407,0.70155293945535,8.77805923128587,83.03679253627,2.06614898170433,1.40924175127779,38.5902259298002
2022-11-03T14:27:42.449-06:00,2,0.639701842793447,0.621344352635675,0.246590836623816,71.0300612315751,15.2694184940098,-5.14894852074447,51.8722855475395
2022-11-03T14:27:42.557-06:00,2,0.563480554979663,0.587970422251381,0.586559635253833,73.2888869632257,10.1147205652455,4.54981030401732,37.3259145524182
2022-11-03T14:27:42.650-06:00,2,0.654465588581028,0.654430641823693,0.900595506633438,23.6543356901626,4.80227515685697,10.7382575829883,42.2672915808398
2022-11-03T14:27:42.776-06:00,2,0.654465588581028,0.654430641823693,0.900595506633438,23.6543356901626,4.80227515685697,10.7382575829883,42.2672915808398
2022-11-03T14:27:42.883-06:00,2,0.640011618321657,0.730552203531976,0.108602930284322,9.18049607922237,10.8776986150085,5.80289928292257,57.6159825880433
2022-11-03T14:27:42.976-06:00,2,0.628945287504163,0.624248180092869,5.32227527490461,8.25547265984056,5.2932441780601,-5.50480658479751,44.4410912041728
2022-11-03T14:27:43.084-06:00,2,0.649421095987759,0.656214645754973,2.19938255476422,24.9683687459126,5.74748297597138,-14.5982139133317,47.3603594216337
2022-11-03T14:27:43.177-06:00,2,0.64902407762755,0.65884193749443,3.68425580544787,7.65886301541696,7.906902668793,-5.00599976916327,39.3431120330083
2022-11-03T14:27:43.286-06:00,2,0.617495229867642,0.642034485445036,3.69129424992055,84.320468665402,9.4459296587871,-7.73742788452999,57.156730204269
2022-11-03T14:27:43.379-06:00,2,0.639721316592027,0.690752922161797,2.69504111101747,12.9606292361702,3.28879809469685,2.17533360749189,48.9319992197707
2022-11-03T14:27:43.487-06:00,2,0.578418762239348,0.60829509069878,0.586803065163486,33.4765590352164,16.4909209349806,1.72972753089651,53.0541196687451
2022-11-03T14:27:43.581-06:00,2,0.592683785287945,0.610415817110096,0.640441704520328,37.9537864109868,6.13025377535446,-14.0239416766165,58.8184488074875
2022-11-03T14:27:43.674-06:00,2,0.65160975085028,0.771501972641735,1.3504319344097,87.1100977891869,8.80305879782093,4.59409624525241,49.1577681249365
2022-11-03T14:27:43.782-06:00,2,0.716018986896662,0.695988030725045,0.353707624653052,43.6888387235973,4.80183963403288,0.454266494191902,57.8691024199488
2022-11-03T14:27:43.892-06:00,2,0.716018986896662,0.695988030725045,0.353707624653052,43.6888387235973,4.80183963403288,0.454266494191902,57.8691024199488
2022-11-03T14:27:43.999-06:00,2,0.69921430259733,0.684756527036433,1.95150977130276,12.1110925875177,4.66905894837933,-35.6327366477283,57.8150737749551
2022-11-03T14:27:44.092-06:00,2,0.710338006908883,0.676484121138108,0.450882109977793,29.082518071701,4.63086392192368,14.213500598076,38.6260159094478
2022-11-03T14:27:44.200-06:00,2,0.75075502462113,0.753423006289995,2.42449691008321,17.5633252233955,3.36035673090922,14.2811315742315,50.5687638520805
2022-11-03T14:27:44.293-06:00,2,0.654125402174703,0.690671813794645,4.6753932376923,221.291513353705,9.49774683051669,10.0147765378193,46.5825026627081
2022-11-03T14:27:44.403-06:00,2,0.61065013183101,0.692001416645062,0.756112753806984,69.9017908686075,21.0158172371417,1.30991294873429,45.5851473082982
2022-11-03T14:27:44.495-06:00,2,0.756543604332592,0.603207717935936,5.10251570111602,1.78102020000907,5.64604991327812,-5.24529021884419,74.2407399898066
2022-11-03T14:27:44.603-06:00,2,0.671752162289455,0.552129927116888,3.2184554647406,7.29157340839524,2.25576968375589,4.87587194044111,49.3681764874047
2022-11-03T14:27:44.696-06:00,2,0.636792482166505,0.62145970180432,1.93775769201968,23.9363706077828,12.715953788133,6.98515502570299,36.0298110788097
2022-11-03T14:27:44.804-06:00,2,0.565724334169676,0.710699546792834,4.2963801665909,10.6583924259986,3.77192380598381,16.4956242861908,49.5000618581862
2022-11-03T14:27:44.897-06:00,2,0.692976048272377,0.698872594494837,1.27218898849124,88.5998429503276,5.69795873974348,-18.3260990395018,40.4487969671315
2022-11-03T14:27:45.006-06:00,2,0.692976048272377,0.698872594494837,1.27218898849124,88.5998429503276,5.69795873974348,-18.3260990395018,40.4487969671315
