Time,Id,AI1529BiasMatchSeriesPos,AI1526BiasMatchShuntPos,ArMwMfcFlow_Act,NF3MfcFlow_Act,NF3DopeMfcFlow_Act,ArTopMfcFlow_Act,SIH4TopMfcFlow_Act,H2TopMfcFlow_Act,HeTopMfcFlow_Act,ArSideMfcFlow_Act,SIH4SideMfcFlow_Act,HeSideMfcFlow_Act,H2SideMfcFlow_Act,O2MfcFlow_Act,DomeHeaterTempSide,DomeHeaterTempGsh,DomeHeaterTempTop,DomeHeaterTempCnt,HxWaterResistivity2nd,HxWaterResistivity1st,HxWaterTemp2nd,HxWaterTempWall,RpsDeliveredPower,LLBPressure,LLAPressure,EchuckVoltage,OuterIhcFlow,OuterIhcPressure,InnerIhcFlow,InnerIhcPressure,ForelinePressure,TurboThrottleValveStep,RoughThrottleValveStep,RFBiasReflPwr,RFBiasFwdPwr,RFSideReflPwr,RFSideFwdPwr,RFTopReflPwr,RFTopFwdPwr,RecipeStepNum,WaferCountPMCounter
2022-11-21T16:21:32.585-07:00,1,5935,4230,-6,0,0,20,-331,0,-2,220,-2,-2,2,250,1.24,1.27,1.23,1.2,3300,3300,45,80,61,512785,13,-3,6.25,11998,4.05,8988,156000,100000,50000,0,1,120,5625,27,3551,7,92
2022-11-21T16:21:33.576-07:00,1,5935,4230,-6,0,0,20,-333,0,-2,220,-2,-2,2,250,1.24,1.27,1.23,1.2,3300,3300,45,80,64,573585,14,-1,6.24,11998,4.04,8998,156000,100000,50000,0,3,119,5627,27,3548,7,93
2022-11-21T16:21:34.584-07:00,1,5930,4230,-6,0,0,20,-327,0,-2,220,-2,-2,2,250,1.24,1.27,1.23,1.2,3198,3300,45,80,64,749903,14,-1,6.24,12006,4.04,8998,151000,100000,50000,0,6,120,5627,26,3546,7,92
2022-11-21T16:21:35.576-07:00,1,5930,4230,-6,0,0,20,-327,0,-2,220,-2,-2,2,250,1.24,1.27,1.23,1.2,3198,3300,45,80,64,749903,14,-1,6.24,12006,4.04,8998,151000,100000,50000,0,6,120,5627,26,3546,7,92
2022-11-21T16:21:36.584-07:00,1,5935,4230,-7,0,0,20,-329,0,-2,220,-2,-2,2,250,1.24,1.27,1.23,1.2,3198,3300,45,80,67,799237,14,0,6.24,12006,4.04,8998,156000,100000,50000,0,6,120,5627,26,3548,7,92
2022-11-21T16:21:37.575-07:00,1,5930,4230,-7,0,0,20,-333,0,-2,220,-2,-2,2,250,1.24,1.27,1.23,1.2,3300,3300,45,80,67,804522,14,-1,6.24,12006,4.04,8998,156000,100000,50000,0,3,120,5627,27,3548,7,91
2022-11-21T16:21:38.582-07:00,1,5935,4225,-6,0,0,20,-329,0,-2,220,-2,-2,2,250,1.24,1.27,1.23,1.2,3300,3300,45,80.1,61,808065,14,-3,6.24,12006,4.04,8998,161000,100000,50000,1,3,119,5627,27,3553,7,92
2022-11-21T16:21:39.573-07:00,1,5935,4230,-7,0,0,20,-331,0,-2,220,-2,-2,2,250,1.24,1.27,1.23,1.2,3300,3300,45,80.1,61,808065,14,0,6.25,12006,4.05,8998,151000,100000,50000,0,6,119,5622,27,3553,7,92
2022-11-21T16:21:40.579-07:00,1,5930,4230,-6,1,0,20,-327,0,-2,220,-2,-2,2,250,1.24,1.27,1.23,1.2,3198,3300,45,80,67,808065,14,-1,6.25,11988,4.04,8998,161000,100000,50000,0,3,119,5625,27,3555,7,92
2022-11-21T16:21:41.586-07:00,1,5930,4230,-7,1,0,20,-331,0,-2,220,-2,-2,2,250,1.24,1.27,1.23,1.2,3198,3300,45,80,64,808065,15,-1,6.24,11998,4.05,8988,151000,100000,50000,0,3,119,5627,27,3553,7,92
2022-11-21T16:21:42.576-07:00,1,5935,4225,-6,0,0,20,-331,0,-2,220,-2,-2,2,250,1.24,1.27,1.23,1.2,3300,3300,45,80,,804522,15,-1,6.24,11998,4.04,8998,151000,100000,50000,0,3,119,5622,27,3553,7,92
2022-11-21T16:21:43.583-07:00,1,5935,4230,-6,0,0,20,-331,0,-2,220,-2,-2,2,250,1.24,1.27,1.22,1.2,3300,3300,45,80.1,64,804522,15,0,6.24,12006,4.04,8998,156000,100000,50000,0,3,119,5627,27,3555,7,92
2022-11-21T16:21:44.574-07:00,1,5925,4230,-6,0,0,20,-335,0,-2,220,-2,-2,2,250,1.24,1.27,1.22,1.2,3300,3300,45,80.1,67,804522,15,0,6.25,12006,4.04,8998,151000,100000,50000,0,3,120,5627,26,3553,7,92
2022-11-21T16:21:45.581-07:00,1,5930,4230,-6,0,0,20,-331,0,-2,220,-2,-2,2,250,1.24,1.27,1.22,1.2,3198,3300,45,80.1,67,808065,15,-1,6.25,11988,4.04,8998,156000,100000,50000,0,3,119,5625,27,3548,7,92
2022-11-21T16:21:46.586-07:00,1,5930,4230,-6,0,0,20,-331,0,-2,220,-2,-2,2,250,1.24,1.27,1.22,1.2,3198,3300,45,80.1,67,808065,15,0,6.24,11998,4.05,8998,156000,100000,50000,0,1,119,5625,27,3553,7,92
2022-11-21T16:21:47.578-07:00,1,5940,4230,-6,1,0,20,-337,0,-2,220,-2,-2,2,250,1.24,1.27,1.22,1.2,3300,3300,45,80.1,64,813409,16,0,6.25,11998,4.05,8988,161000,100000,50000,0,1,119,5627,27,3553,7,92
2022-11-21T16:21:48.584-07:00,1,5935,4230,-6,0,0,20,-331,0,-2,220,-2,-2,2,250,1.24,1.27,1.22,1.2,3300,3300,45,80.1,64,813409,16,0,6.24,11998,4.05,8988,156000,100000,50000,0,3,119,5625,27,3553,7,92
2022-11-21T16:21:49.576-07:00,1,5935,4225,-6,0,0,20,-329,0,-2,220,-2,-2,2,250,1.24,1.27,1.22,1.2,3300,3300,45,80.1,61,804522,16,-1,6.24,12006,4.05,8998,156000,100000,50000,0,6,119,5627,26,3546,7,92
2022-11-21T16:21:50.583-07:00,1,5935,4230,-7,0,0,20,-329,0,-2,220,-2,-2,2,250,1.24,1.27,1.22,1.2,3198,3300,45,80.1,64,808065,16,0,6.25,12006,4.04,8998,156000,100000,50000,0,1,119,5632,27,3553,7,92
2022-11-21T16:21:51.575-07:00,1,5935,4230,-6,0,0,20,-333,0,-2,220,-2,-2,2,250,1.24,1.27,1.22,1.2,3198,3300,45,80,64,813409,16,-1,6.24,12006,4.05,8998,151000,100000,50000,0,3,119,5627,27,3555,7,92
2022-11-21T16:21:52.582-07:00,1,5935,4230,-6,0,0,20,-329,0,-2,220,-2,-2,2,250,1.24,1.27,1.21,1.2,3300,3300,45,80.1,61,813409,16,-1,6.25,12006,4.05,8998,156000,100000,50000,0,6,119,5627,26,3555,7,92
2022-11-21T16:21:53.573-07:00,1,5935,4230,-6,0,0,20,-327,0,-2,220,-2,-2,2,250,1.24,1.27,1.21,1.2,3300,3300,45,80.1,67,808065,16,0,6.24,11998,4.04,8998,166000,100000,50000,0,6,119,5617,27,3553,7,92
2022-11-21T16:21:54.579-07:00,1,5935,4230,-6,0,0,20,-339,0,-2,220,-2,-2,2,250,1.24,1.27,1.21,1.2,3300,3300,45,80.1,64,813409,16,-1,6.24,11998,4.04,8988,156000,100000,50000,0,3,119,5622,26,3553,7,92
2022-11-21T16:21:55.587-07:00,1,5935,4225,-6,0,0,20,-325,0,-2,220,-2,-2,2,250,1.24,1.27,1.21,1.2,3198,3300,45,80.1,8,816991,16,-3,6.24,11998,4.04,8988,156000,100000,50000,0,0,0,0,1,7,8,91
2022-11-21T16:21:56.579-07:00,1,5935,4230,-6,0,0,0,-325,0,-2,-4,-2,-2,2,-3,1.24,1.27,1.21,1.2,3198,3300,45,80.1,8,804522,16,0,6.24,12006,4.05,8998,146000,100000,50000,0,1,0,2,0,7,9,92
2022-11-21T16:21:57.586-07:00,1,5930,4230,-6,0,0,0,-351,0,-2,-3,-2,-2,2,0,1.24,1.27,1.21,1.2,3300,3300,45,80.1,11,766561,17,-1,6.25,12006,4.04,8998,112000,100000,50000,0,3,0,2,1,2,9,93
2022-11-21T16:21:58.578-07:00,1,5935,4230,-7,0,0,0,-333,0,-2,-3,-2,-2,2,0,1.24,1.27,1.21,1.2,3300,3300,45,80.1,8,763200,17,0,6.24,12006,4.04,8998,97000,100000,50000,0,6,0,0,1,7,9,93
2022-11-21T16:21:59.585-07:00,1,5935,4230,-6,0,0,0,-335,0,-2,-3,-2,-2,2,1,1.24,1.27,1.21,1.2,3300,3300,45,80.1,11,763200,17,-1,6.25,11988,4.05,8988,87000,100000,50000,0,6,0,0,1,4,10,92
2022-11-21T16:22:00.577-07:00,1,5935,4230,-6,0,0,0,-333,0,-2,-3,-2,-2,2,1,1.24,1.27,1.21,1.2,3198,3300,45,80.1,11,763200,17,-1,6.24,11988,4.06,8998,68000,100000,50000,0,1,0,0,1,4,10,93
2022-11-21T16:22:01.585-07:00,1,5935,4230,-6,0,0,0,-331,0,-2,-3,-2,-2,2,1,1.24,1.27,1.21,1.2,3198,3300,45,80.1,8,1099078,17,-1,6.25,12006,4.05,8998,58000,100000,50000,0,6,0,0,1,4,10,93
2022-11-21T16:22:02.577-07:00,1,5930,4225,-6,0,0,0,-337,0,-2,-3,-2,-2,2,1,1.24,1.27,1.21,1.2,3300,3300,45,80.1,11,1189538,17,-1,6.26,11998,4.05,8988,48000,100000,50000,0,3,0,2,1,4,10,92
2022-11-21T16:22:03.584-07:00,1,5935,4225,-7,0,0,0,-337,0,-2,-3,-2,-2,2,1,1.23,1.26,1.2,1.2,3300,3300,45,80.1,8,876497,17,-1,6.25,11998,4.05,8988,39000,100000,50000,0,6,0,0,0,4,10,93
2022-11-21T16:22:04.575-07:00,1,5935,4230,-6,0,0,0,-331,0,-2,-3,-2,-2,2,1,1.23,1.26,1.2,1.2,3300,3300,45,80.1,11,648680,17,-1,6.25,11998,4.05,8998,34000,100000,50000,0,1,0,0,1,7,10,92
2022-11-21T16:22:05.581-07:00,1,5935,4225,-7,0,0,0,-333,0,-2,-3,-2,-2,2,2,1.23,1.26,1.19,1.2,3198,3300,45,80.1,8,518449,17,-1,6.25,11998,4.06,8988,19000,100000,50000,0,1,0,0,1,2,10,93
2022-11-21T16:22:06.586-07:00,1,5935,4230,-6,0,0,0,-337,0,-2,-3,-2,-2,2,1,1.23,1.26,1.19,1.2,3198,3300,45,80.1,11,436799,17,-1,6.26,11988,4.05,8988,14000,100000,50000,0,6,0,0,1,4,10,92
2022-11-21T16:22:07.576-07:00,1,5940,4230,501,2,0,0,-333,0,-2,-3,-2,-2,2,1,1.23,1.26,1.19,1.2,3300,3300,45,80.1,8,382013,18,-1,6.25,12006,4.05,8998,19000,100000,50000,0,3,0,0,1,9,11,92
2022-11-21T16:22:08.583-07:00,1,5935,4225,1994,0,0,0,-339,0,-2,-3,-2,-2,2,1,1.22,1.25,1.19,1.2,3300,3300,45,80.1,8,343024,18,-1,6.24,11988,4.05,8998,14000,100000,50000,0,6,0,2,0,4,11,93
2022-11-21T16:22:09.575-07:00,1,5930,4225,2002,0,0,0,-335,0,-2,-3,-2,-2,2,1,1.22,1.25,1.19,1.2,3300,3300,45,80.1,2884,311416,18,-1,6.24,11998,4.04,8998,263000,100000,50000,0,6,0,0,0,2,12,92
2022-11-21T16:22:10.582-07:00,1,5935,4230,1284,503,0,0,-339,0,-2,-3,-2,-2,2,1,1.22,1.25,1.19,1.2,3198,3300,45,80.1,2860,258535,18,0,6.24,12006,4.04,8998,210000,100000,50000,0,6,0,2,0,4,13,92
2022-11-21T16:22:11.574-07:00,1,5930,4230,1001,748,0,0,-337,0,-2,-3,-2,-2,2,1,1.22,1.25,1.18,1.2,3198,3300,45,80.1,4495,29709,18,-1,6.25,11998,4.04,8988,48000,100000,50000,0,6,0,0,1,4,13,92
2022-11-21T16:22:12.581-07:00,1,5935,4235,1000,750,0,0,-331,0,-2,-3,-2,-2,2,1,1.22,1.25,1.18,1.2,3300,3300,45,80.1,4469,3010,18,-1,6.24,11998,4.06,8998,19000,100000,100,0,6,0,2,0,2,13,93
2022-11-21T16:22:13.587-07:00,1,5935,4230,624,1488,0,0,-337,0,-2,-3,-2,-2,2,1,1.22,1.25,1.17,1.2,3300,3300,45,80.1,5475,455,18,-1,6.25,11988,4.06,8998,127000,100000,100,0,6,0,2,0,7,14,92
2022-11-21T16:22:14.579-07:00,1,5930,4230,500,1498,0,0,-339,0,-2,-3,-2,-2,2,1,1.21,1.24,1.17,1.2,3300,3300,45,80.1,5475,153,18,-1,6.24,12006,4,8998,459000,100000,100,0,6,0,0,0,7,14,92
2022-11-21T16:22:15.586-07:00,1,5935,4230,500,1498,0,0,-341,0,-2,-3,-2,-2,2,1,1.21,1.24,1.17,1.2,3198,3300,45,80.1,5472,95,18,-1,6.22,11988,4,8998,498000,100000,30000,0,3,0,2,0,4,14,93
2022-11-21T16:22:16.578-07:00,1,5925,4230,500,1498,0,0,-339,0,-2,-3,-2,-2,2,1,1.21,1.24,1.16,1.19,3198,3300,45,80.1,5472,60,18,-1,6.22,11988,4,8988,503000,100000,30000,0,3,0,2,0,7,14,93
2022-11-21T16:22:17.585-07:00,1,5935,4220,500,1500,0,0,-335,0,-2,-3,-2,-2,2,1,1.21,1.24,1.16,1.19,3300,3300,45,80.1,5469,43,18,-3,6.22,12006,4.01,8998,503000,100000,30000,0,0,0,2,0,7,14,92
2022-11-21T16:22:18.576-07:00,1,5930,4230,25,1919,0,0,-329,0,-2,-3,-2,-2,2,1,1.21,1.24,1.16,1.19,3300,3300,45,80.1,5498,31,19,-1,6.21,11998,4,8998,537000,100000,30000,0,6,0,0,1,7,15,92
2022-11-21T16:22:19.582-07:00,1,5930,4225,-5,1999,0,0,-335,0,-2,-3,-2,-2,2,1,1.2,1.23,1.16,1.2,3300,3300,45,80.1,5498,25,18,-3,6.2,11998,4,8988,630000,100000,35753,0,3,0,2,1,2,15,93
2022-11-21T16:22:20.587-07:00,1,5935,4225,-6,1999,0,0,-339,0,-2,-3,-2,-2,2,1,1.2,1.23,1.16,1.2,3198,3300,45,80.1,5498,21,18,-1,6.19,11998,4,8998,615000,100000,34879,0,3,0,2,1,2,15,93
2022-11-21T16:22:21.576-07:00,1,5930,4230,-6,2000,0,0,-337,0,-2,-3,-2,-2,2,1,1.2,1.23,1.16,1.19,3198,3300,45,80.1,5472,19,19,0,6.2,11988,4,8998,581000,100000,34152,0,6,0,0,1,2,15,92
2022-11-21T16:22:22.583-07:00,1,5935,4230,-6,2000,0,0,-337,0,-2,-3,-2,-2,2,1,1.19,1.23,1.15,1.19,3300,3300,45,80.1,5472,20,19,-1,6.2,11998,4,8998,556000,100000,33669,0,0,0,2,0,7,15,92
2022-11-21T16:22:23.588-07:00,1,5930,4230,-6,2000,0,0,-335,0,-2,-3,-2,-2,2,1,1.19,1.23,1.15,1.19,3300,3300,45,80.1,5475,20,19,-1,6.2,12006,4,8998,561000,100000,33513,0,1,0,0,0,4,15,92
2022-11-21T16:22:24.579-07:00,1,5935,4230,-6,2000,0,0,-337,0,-2,-3,-2,-2,2,1,1.19,1.23,1.14,1.19,3300,3300,45,80.2,5498,21,19,-1,6.21,12006,4,8988,556000,100000,33431,0,1,0,2,0,7,15,93
2022-11-21T16:22:25.585-07:00,1,5930,4230,-6,2000,0,0,-337,0,-2,-3,-2,-2,2,1,1.18,1.22,1.14,1.19,3198,3300,45,80.1,5475,22,19,-1,6.2,12006,4,8998,552000,100000,33276,0,6,0,2,0,2,15,93
2022-11-21T16:22:26.575-07:00,1,5935,4230,-6,2000,0,0,-333,0,-2,-3,-2,-2,2,1,1.18,1.22,1.14,1.19,3198,3300,45,80.1,5469,22,19,-3,6.19,11988,4,8998,552000,100000,33148,0,3,0,0,1,7,15,93
2022-11-21T16:22:27.581-07:00,1,5925,4230,-6,2000,0,0,-335,0,-2,-3,-2,-2,2,1,1.18,1.22,1.14,1.2,3198,3300,45,80.1,5472,23,19,-1,6.2,11988,4,8988,552000,100000,33047,0,6,0,0,0,7,15,93
2022-11-21T16:22:28.587-07:00,1,5940,4225,-6,2000,0,0,-337,0,-2,-3,-2,-3,2,1,1.18,1.22,1.14,1.2,3300,3300,45,80.1,5472,23,19,-3,6.2,11998,4,8998,556000,100000,32987,0,1,0,2,0,2,15,93
2022-11-21T16:22:29.578-07:00,1,5935,4225,-6,2000,0,0,-335,0,-2,-3,-2,-2,2,1,1.18,1.22,1.14,1.2,3300,3300,45,80.2,5498,24,19,0,6.2,11998,4,8998,556000,100000,32995,0,6,0,2,0,4,15,93
2022-11-21T16:22:30.585-07:00,1,5935,4225,-6,2000,0,0,-335,0,-2,-3,-2,-2,2,1,1.17,1.21,1.13,1.2,3198,3300,45,80.2,5498,24,19,-3,6.19,11998,4,8998,556000,100000,32924,0,3,0,0,1,7,15,93
2022-11-21T16:22:31.576-07:00,1,5925,4230,-6,2000,0,0,-337,0,-2,-3,-2,-2,2,1,1.17,1.21,1.13,1.2,3198,3300,45,80.2,5475,25,19,-1,6.2,12006,4,8988,552000,100000,32886,0,6,0,0,0,2,15,93
2022-11-21T16:26:07.577-07:00,1,,,,,,,,,,,,,,,,,,,,,,,,,,,,,,,,,,,,,,,,,
2022-11-21T16:26:08.585-07:00,1,,,,,,,,,,,,,,,,,,,,,,,,,,,,,,,,,,,,,,,,,
2022-11-21T16:26:09.576-07:00,1,,,,,,,,,,,,,,,,,,,,,,,,,,,,,,,,,,,,,,,,,
2022-11-21T16:26:10.584-07:00,1,,,,,,,,,,,,,,,,,,,,,,,,,,,,,,,,,,,,,,,,,
2022-11-21T16:26:11.576-07:00,1,,,,,,,,,,,,,,,,,,,,,,,,,,,,,,,,,,,,,,,,,
2022-11-21T16:26:12.583-07:00,1,5935,4230,-6,0,0,36,-315,0,-2,83,-2,-2,2,1,1.2,1.2,1.19,1.2,3198,3300,45,80,8,769936,114,0,6.25,12006,4.05,8998,97000,100000,50000,0,1,0,2,0,2,3,96
2022-11-21T16:26:13.575-07:00,1,5930,4235,-7,0,0,46,-335,0,-2,586,-2,-3,2,1,1.2,1.2,1.19,1.2,3300,3300,45,80,8,769936,114,-1,6.24,12006,4.04,8988,112000,100000,50000,0,0,0,0,0,4,3,96
2022-11-21T16:26:14.581-07:00,1,5935,4230,-6,0,0,45,-329,0,-2,601,-2,-2,2,1,1.2,1.2,1.19,1.19,3300,3300,45,80,8,769936,114,-1,6.26,11998,4.04,8998,151000,100000,50000,0,6,0,0,1,9,3,96
2022-11-21T16:26:15.586-07:00,1,5935,4220,-6,0,0,45,-329,0,-2,600,-2,-2,2,1,1.2,1.2,1.19,1.19,3300,3300,45,80,5,769936,114,-3,6.24,12006,4.05,8998,166000,100000,50000,0,6,0,0,1,7,3,96
2022-11-21T16:26:16.575-07:00,1,5935,4230,-6,0,0,45,-327,0,-2,600,-2,-2,2,1,1.2,1.2,1.19,1.19,3198,3300,45,80,8,769936,114,0,6.25,11998,4.04,8998,146000,100000,50000,0,3,0,0,1,4,3,96
2022-11-21T16:26:17.582-07:00,1,5935,4225,-6,0,0,45,-325,0,-2,600,-2,-2,2,1,1.2,1.2,1.19,1.2,3198,3300,45,80,11,766561,114,-3,6.24,12006,4.05,8998,185000,100,50000,0,1,0,2,36,1402,4,95
2022-11-21T16:26:18.587-07:00,1,5930,4230,-6,0,0,45,-331,0,-2,600,-2,-2,2,1,1.2,1.2,1.19,1.2,3300,3300,45,80,11,766561,114,-1,6.24,11988,4.04,8998,185000,100,50000,0,1,0,4,39,1540,4,95
2022-11-21T16:26:19.578-07:00,1,5935,4230,-6,0,0,20,-331,0,-2,251,-2,-2,3,133,1.2,1.2,1.19,1.2,3300,3300,45,80,14,766561,114,0,6.25,12006,4.04,8998,263000,100,50000,0,6,0,0,9,1518,5,96
2022-11-21T16:26:20.585-07:00,1,5935,4225,-6,1,0,20,-335,0,-2,220,-2,-2,2,251,1.2,1.2,1.19,1.2,3300,3300,45,80,14,769936,114,0,6.24,12006,4.04,8998,190000,15000,50000,0,6,0,0,49,1559,5,96
2022-11-21T16:26:21.575-07:00,1,5940,4225,-6,0,0,20,-331,0,-2,220,-2,-2,2,250,1.2,1.2,1.19,1.2,3198,3300,45,80,23,769936,114,0,6.24,11998,4.05,8998,185000,15000,50000,0,6,31,2767,11,1516,6,96
2022-11-21T16:26:22.581-07:00,1,5935,4225,-6,0,0,20,-331,0,-2,220,-2,-2,2,250,1.2,1.2,1.2,1.2,3198,3300,45,80,23,769936,114,-3,6.25,12006,4.05,8998,185000,15000,50000,0,6,36,3039,9,1511,6,96
2022-11-21T16:26:23.586-07:00,1,5935,4230,-6,0,0,20,-327,0,-2,220,-2,-2,2,250,1.2,1.2,1.2,1.2,3300,3300,45,80,55,769936,114,-1,6.25,11988,4.04,8998,175000,15000,50000,0,6,127,5391,28,3372,7,95
2022-11-21T16:26:24.578-07:00,1,5940,4230,-7,0,0,20,-331,0,-2,220,-2,-2,2,250,1.2,1.2,1.2,1.2,3300,3300,45,80,58,769936,114,-1,6.24,11988,4.04,8998,166000,15000,50000,0,6,139,5634,26,3543,7,96
2022-11-21T16:26:25.585-07:00,1,5935,4230,-6,1,0,20,-337,0,-2,220,-2,-3,2,250,1.2,1.2,1.2,1.2,3300,3300,45,80,55,766561,114,-3,6.24,12006,4.04,8998,166000,100000,50000,1,3,136,5645,28,3555,7,96
2022-11-21T16:26:26.575-07:00,1,5935,4225,-6,1,0,20,-329,0,-2,220,-2,-2,2,250,1.2,1.2,1.2,1.2,3198,3300,45,80,58,769936,114,-1,6.24,11998,4.04,8998,166000,100000,50000,0,1,135,5645,28,3558,7,96
2022-11-21T16:26:27.583-07:00,1,5935,4230,-6,0,0,20,-329,0,-2,220,-2,-2,2,250,1.2,1.2,1.2,1.2,3198,3300,45,80,58,769936,114,0,6.25,11998,4.04,8998,166000,100000,50000,0,6,134,5634,29,3553,7,95
2022-11-21T16:26:28.574-07:00,1,5935,4230,-6,1,0,20,-331,0,-2,220,-2,-2,2,250,1.2,1.2,1.2,1.2,3300,3300,45,80,58,766561,114,-1,6.25,12006,4.04,8998,166000,100000,50000,0,1,133,5639,30,3551,7,96
2022-11-21T16:26:29.579-07:00,1,5935,4230,-7,0,0,20,-333,0,-2,220,-2,-2,2,250,1.2,1.2,1.2,1.2,3300,3300,45,80,55,769936,114,0,6.25,11998,4.06,8998,166000,100000,50000,0,1,132,5643,30,3551,7,96
2022-11-21T16:26:30.586-07:00,1,5935,4230,-7,0,0,20,-329,0,-2,220,-2,-2,2,250,1.2,1.2,1.2,1.2,3300,3300,45,80,55,769936,114,-1,6.25,12006,4.05,8998,170000,100000,50000,0,6,132,5637,27,3548,7,96
2022-11-21T16:26:31.577-07:00,1,5935,4235,-6,0,0,20,-331,0,-2,220,-2,-2,2,250,1.2,1.2,1.2,1.2,3198,3300,45,80,55,775028,114,0,6.24,11998,4.05,8988,170000,100000,50000,0,1,132,5632,27,3553,7,97
2022-11-21T16:26:32.585-07:00,1,5935,4225,-6,0,0,20,-325,0,-2,220,-2,-2,2,250,1.2,1.2,1.2,1.2,3198,3300,45,80,55,769936,114,-1,6.24,11998,4.05,8988,166000,100000,50000,0,6,130,5632,27,3548,7,96
2022-11-21T16:26:33.577-07:00,1,5930,4230,-6,0,0,20,-329,0,-2,220,-2,-2,2,250,1.2,1.2,1.21,1.2,3300,3300,45,80,55,769936,114,-1,6.25,11998,4.06,8988,166000,100000,50000,0,6,129,5629,28,3548,7,96
2022-11-21T16:26:34.583-07:00,1,5930,4230,-6,0,0,20,-331,0,-2,220,-2,-2,2,250,1.21,1.2,1.21,1.2,3300,3300,45,80,58,766561,114,0,6.25,11988,4.04,8998,166000,100000,50000,0,6,128,5629,27,3551,7,95
2022-11-21T16:26:35.573-07:00,1,5925,4230,-6,1,0,20,-335,0,-2,220,-2,-2,2,250,1.21,1.2,1.21,1.2,3300,3300,45,80,55,769936,114,-1,6.24,11988,4.05,8988,166000,100000,50000,0,1,126,5632,28,3553,7,96
2022-11-21T16:26:36.580-07:00,1,5935,4230,-6,0,0,20,-329,0,-2,220,-2,-2,2,250,1.21,1.21,1.21,1.2,3198,3300,45,80,55,769936,114,-3,6.24,12006,4.05,8998,166000,100000,50000,0,6,126,5632,27,3553,7,95
2022-11-21T16:26:37.586-07:00,1,5935,4230,-6,0,0,20,-333,0,-2,220,-2,-2,2,250,1.21,1.21,1.21,1.2,3198,3300,45,80,55,766561,114,-1,6.24,12006,4.05,8998,166000,100000,50000,0,3,126,5632,28,3553,7,96
2022-11-21T16:26:38.577-07:00,1,5935,4230,-6,0,0,20,-333,0,-2,220,-2,-2,2,250,1.21,1.21,1.21,1.2,3300,3300,45,80,55,766561,114,-1,6.24,12006,4.05,8998,166000,100000,50000,0,6,125,5632,28,3551,7,96
2022-11-21T16:26:39.585-07:00,1,5935,4230,-6,1,0,20,-325,0,-2,220,-2,-2,2,250,1.22,1.21,1.22,1.2,3300,3300,45,80,55,769936,114,-1,6.24,11988,4.04,8998,166000,100000,50000,0,6,124,5625,29,3555,7,96
2022-11-21T16:26:40.576-07:00,1,5925,4230,-6,0,0,20,-329,0,-2,220,-2,-2,2,250,1.22,1.21,1.22,1.2,3300,3300,45,80,58,769936,114,0,6.25,11988,4.04,8988,170000,100000,50000,0,6,124,5627,29,3548,7,95
2022-11-21T16:26:41.583-07:00,1,5940,4225,-6,0,0,20,-327,0,-2,220,-2,-2,2,250,1.22,1.21,1.22,1.2,3198,3300,45,80,55,766561,114,-3,6.25,12006,4.04,8998,166000,100000,50000,0,3,123,5625,29,3555,7,95
2022-11-21T16:26:42.574-07:00,1,5925,4230,-6,0,0,20,-331,0,-2,220,-2,-2,2,250,1.22,1.22,1.22,1.2,3198,3300,45,80,58,766561,114,-1,6.25,12006,4.04,8998,170000,100000,50000,1,3,124,5632,28,3551,7,96
2022-11-21T16:26:43.578-07:00,1,5935,4225,-6,0,0,20,-327,0,-2,220,-2,-2,2,250,1.22,1.22,1.22,1.2,3198,3300,45,80,55,769936,114,-3,6.24,11998,4.05,8988,166000,100000,50000,0,1,123,5629,29,3553,7,97
2022-11-21T16:26:44.586-07:00,1,5935,4230,-6,0,0,20,-327,0,-2,220,-2,-2,2,250,1.22,1.22,1.22,1.2,3300,3300,45,80,58,775028,114,-1,6.25,11998,4.05,8998,166000,100000,50000,0,1,124,5637,29,3553,7,96
2022-11-21T16:26:45.578-07:00,1,5930,4230,-6,1,0,20,-329,0,-2,220,-2,-2,2,250,1.22,1.22,1.23,1.2,3300,3300,45,80,58,769936,114,-1,6.25,12006,4.04,8998,166000,100000,50000,0,1,124,5629,29,3548,7,96
2022-11-21T16:26:46.585-07:00,1,5935,4230,-6,0,0,20,-333,0,-2,220,-2,-2,2,250,1.22,1.22,1.23,1.2,3198,3300,45,80,58,775028,114,-1,6.24,12006,4.04,8988,166000,100000,50000,0,1,123,5627,28,3555,7,96
2022-11-21T16:26:47.574-07:00,1,5935,4225,-6,0,0,20,-327,0,-2,220,-2,-2,2,250,1.22,1.22,1.23,1.2,3198,3300,45,80,52,769936,114,-3,6.25,12006,4.04,8998,166000,100000,50000,0,3,123,5629,28,3555,7,96
2022-11-21T16:26:48.580-07:00,1,5935,4230,-6,0,0,20,-331,0,-2,220,-2,-2,2,250,1.22,1.23,1.23,1.2,3198,3300,45,80,55,769936,114,0,6.24,12006,4.04,8998,166000,100000,50000,0,6,123,5625,28,3553,7,96
2022-11-21T16:26:49.587-07:00,1,5930,4235,-7,0,0,20,-327,0,-2,220,-2,-2,2,250,1.22,1.23,1.23,1.2,3300,3300,45,80,55,769936,114,-1,6.25,11988,4.04,8988,166000,100000,50000,1,6,122,5627,29,3555,7,97
2022-11-21T16:26:50.577-07:00,1,5940,4220,-6,0,0,20,-329,0,-2,220,-2,-2,2,250,1.22,1.23,1.24,1.2,3300,3300,45,80,58,775028,114,-1,6.25,11988,4.04,8988,161000,100000,50000,0,6,123,5625,28,3555,7,97
2022-11-21T16:26:51.583-07:00,1,5935,4225,-6,0,0,20,-335,0,-2,220,-2,-2,2,250,1.22,1.23,1.24,1.2,3198,3300,45,80,58,769936,114,-1,6.24,12006,4.04,8998,166000,100000,50000,0,3,122,5625,29,3558,7,96
2022-11-21T16:26:52.574-07:00,1,5935,4230,-6,1,0,20,-331,0,-2,220,-2,-2,2,250,1.22,1.23,1.24,1.2,3198,3300,45,80,58,769936,114,-1,6.24,12006,4.04,8998,166000,100000,50000,0,6,122,5629,28,3553,7,96
2022-11-21T16:26:53.582-07:00,1,5935,4235,-6,0,0,20,-329,0,-2,220,-2,-2,2,250,1.23,1.23,1.24,1.2,3198,3300,45,80,55,769936,114,-3,6.25,11998,4.05,8988,166000,100000,50000,0,3,123,5622,28,3553,7,96
2022-11-21T16:26:54.573-07:00,1,5935,4235,-6,0,0,20,-329,0,-2,220,-2,-2,2,250,1.23,1.23,1.24,1.2,3198,3300,45,80,55,769936,114,-3,6.25,11998,4.05,8988,166000,100000,50000,0,3,123,5622,28,3553,7,96
2022-11-21T16:26:55.580-07:00,1,5935,4230,-6,0,0,20,-327,0,-2,220,-2,-2,2,250,1.23,1.23,1.24,1.2,3300,3300,45,80,58,769936,143,-1,6.24,11998,4.05,8998,166000,100000,50000,1,1,123,5627,28,3555,7,96
2022-11-21T16:26:56.588-07:00,1,5930,4225,-6,0,0,20,-331,0,-2,220,-2,-2,2,250,1.23,1.23,1.24,1.2,3300,3300,45,80,58,769936,31007,0,6.24,11998,4.04,8998,156000,100000,50000,1,1,123,5629,28,3555,7,97
2022-11-21T16:26:57.581-07:00,1,5935,4225,-6,0,0,20,-333,0,-2,220,-2,-2,2,250,1.23,1.24,1.24,1.19,3300,3300,45,80,55,769936,38687,0,6.24,12006,4.04,8998,161000,100000,50000,0,6,123,5632,28,3553,7,96
2022-11-21T16:26:58.587-07:00,1,5930,4230,-6,0,0,20,-329,0,-2,220,-2,-2,2,250,1.23,1.24,1.24,1.19,3198,3300,45,80,58,769936,47071,0,6.25,11998,4.04,8988,156000,100000,50000,0,6,122,5625,29,3548,7,96
2022-11-21T16:26:59.578-07:00,1,5935,4230,-7,0,0,20,-331,0,-2,220,-2,-3,2,250,1.23,1.24,1.24,1.19,3198,3300,45,80,58,769936,79722,0,6.24,12006,4.05,8998,156000,100000,50000,0,1,123,5632,28,3551,7,96
2022-11-21T16:27:00.587-07:00,1,5935,4225,-6,0,0,20,-325,0,-2,220,-2,-2,2,250,1.23,1.24,1.25,1.2,3300,3300,45,80,58,766561,154650,0,6.24,12006,4.04,8988,156000,100000,50000,0,3,122,5629,28,3548,7,96
2022-11-21T16:27:01.576-07:00,1,5935,4230,-6,0,0,20,-327,0,-2,220,-2,-2,2,250,1.23,1.24,1.25,1.2,3300,3300,45,80,55,769936,308014,0,6.24,11998,4.05,8998,151000,100000,50000,0,6,122,5622,28,3553,7,96
2022-11-21T16:27:02.585-07:00,1,5930,4230,-6,1,0,20,-321,0,-2,220,-2,-2,2,250,1.23,1.24,1.25,1.2,3300,3300,45,80,58,769936,356078,-1,6.25,11998,4.04,8998,156000,100000,50000,0,6,122,5620,27,3551,7,96
2022-11-21T16:27:03.575-07:00,1,5935,4225,-6,1,0,20,-323,0,-2,220,-2,-2,2,250,1.23,1.25,1.25,1.2,3198,3300,45,80,58,769936,404470,-1,6.25,11998,4.05,8998,156000,100000,50000,0,3,123,5627,28,3553,7,96
2022-11-21T16:27:04.580-07:00,1,5935,4230,-6,0,0,20,-331,0,-2,220,-2,-2,2,250,1.23,1.25,1.25,1.2,3198,3300,45,80,58,769936,467585,0,6.24,12006,4.04,8998,161000,100000,50000,0,1,122,5627,28,3553,7,96
2022-11-21T16:27:05.588-07:00,1,5935,4230,-6,1,0,20,-329,0,-2,220,-2,-2,2,250,1.23,1.25,1.25,1.2,3300,3300,45,80,58,775028,554990,0,6.25,11998,4.04,8998,156000,100000,50000,0,6,122,5627,27,3553,7,96
2022-11-21T16:27:06.584-07:00,1,5930,4230,-6,0,0,20,-331,0,-2,220,-2,-2,2,250,1.23,1.25,1.25,1.2,3300,3300,45,80,58,769936,599350,-1,6.25,11998,4.04,8998,156000,100000,50000,0,1,121,5627,28,3555,7,96
2022-11-21T16:27:07.587-07:00,1,5935,4230,-6,1,0,20,-331,0,-2,220,-2,-2,2,250,1.23,1.25,1.25,1.2,3300,3300,45,80,58,769936,795733,-1,6.24,12006,4.04,8998,161000,100000,50000,0,6,122,5629,28,3555,7,96
2022-11-21T16:27:08.578-07:00,1,5925,4230,-6,1,0,20,-331,0,-2,220,-2,-2,2,250,1.23,1.25,1.25,1.2,3198,3300,45,80,58,769936,792244,0,6.24,11998,4.04,8998,156000,100000,50000,0,6,122,5625,28,3551,7,96
2022-11-21T16:27:09.584-07:00,1,5935,4230,-6,0,0,20,-323,0,-2,220,-2,-2,2,250,1.23,1.25,1.25,1.2,3198,3300,45,80,61,769936,795733,-1,6.24,12006,4.05,8998,156000,100000,50000,0,0,122,5629,27,3555,7,97
2022-11-21T16:27:10.574-07:00,1,5930,4235,-6,0,0,20,-325,0,-2,220,-2,-2,2,250,1.23,1.25,1.25,1.2,3300,3300,45,80,58,769936,795733,-1,6.24,12006,4.05,8998,156000,100000,50000,0,1,122,5639,28,3558,7,97
2022-11-21T16:27:11.582-07:00,1,5935,4225,-6,0,0,20,-325,0,-2,220,-2,-2,2,250,1.23,1.25,1.26,1.2,3300,3300,45,80,58,769936,795733,-1,6.24,12006,4.04,8998,156000,100000,50000,0,1,122,5625,28,3551,7,96
2022-11-21T16:27:12.573-07:00,1,5935,4230,-6,0,0,20,-331,0,-2,220,-2,-2,2,250,1.23,1.25,1.26,1.2,3300,3300,45,80,61,769936,799237,0,6.25,11998,4.04,8988,156000,100000,50000,0,6,122,5627,28,3555,7,96
2022-11-21T16:27:13.581-07:00,1,5935,4225,-6,0,0,20,-331,0,-2,220,-2,-2,2,250,1.23,1.25,1.26,1.2,3198,3300,45,80,58,766561,799237,-1,6.25,12006,4.04,8998,156000,100000,50000,0,1,122,5627,28,3555,7,96
2022-11-21T16:27:14.572-07:00,1,5940,4230,-6,0,0,20,-331,0,-2,220,-2,-2,2,250,1.23,1.26,1.26,1.2,3198,3300,45,80,58,769936,799237,0,6.24,12006,4.05,8998,156000,100000,50000,0,6,122,5627,27,3555,7,96
2022-11-21T16:27:15.579-07:00,1,5935,4230,-6,1,0,20,-333,0,-2,220,-2,-2,2,250,1.23,1.26,1.26,1.2,3300,3300,45,80,64,769936,799237,0,6.25,12006,4.04,8998,161000,100000,50000,0,6,122,5629,27,3546,7,96
2022-11-21T16:27:16.586-07:00,1,5935,4225,-6,1,0,20,-327,0,-2,220,-2,-2,2,250,1.23,1.26,1.26,1.2,3300,3300,45,80,61,769936,795733,-3,6.24,12006,4.05,8998,156000,100000,50000,0,3,122,5625,27,3553,7,96
2022-11-21T16:27:17.578-07:00,1,5935,4230,-6,0,0,20,-329,0,-2,220,-2,-2,2,250,1.23,1.26,1.26,1.2,3300,3300,45,80,64,769936,804522,0,6.25,12006,4.05,8998,156000,100000,50000,0,6,122,5622,27,3553,7,96
2022-11-21T16:27:18.586-07:00,1,5935,4230,-6,0,0,20,-327,0,-2,220,-2,-2,2,250,1.23,1.26,1.26,1.2,3198,3300,45,80,61,766561,799237,-1,6.24,12006,4.05,8998,161000,100000,50000,0,3,122,5629,28,3548,7,95
2022-11-21T16:27:19.577-07:00,1,5930,4230,-6,0,0,20,-333,0,-2,220,-2,-2,2,250,1.23,1.26,1.26,1.2,3198,3300,45,80,64,1290275,804522,0,6.25,11998,4.04,8988,156000,100000,50000,0,1,122,5629,28,3553,7,96
2022-11-21T16:27:20.583-07:00,1,5935,4225,-6,0,0,20,-329,0,-2,220,-2,-2,2,250,1.24,1.26,1.26,1.2,3300,3300,45,80,58,1133409,799237,-1,6.24,12006,4.05,8998,156000,100000,50000,0,6,121,5620,27,3553,7,95
2022-11-21T16:27:21.575-07:00,1,5940,4230,-6,0,0,20,-327,0,-2,220,-2,-2,2,250,1.24,1.26,1.26,1.2,3300,3300,45,80,61,826015,799237,-1,6.24,11998,4.05,8998,156000,100000,50000,0,3,122,5627,27,3551,7,96
2022-11-21T16:27:22.583-07:00,1,5935,4230,-6,0,0,20,-327,0,-2,220,-2,-2,2,250,1.24,1.26,1.26,1.2,3300,3300,45,80,58,624899,799237,0,6.25,11998,4.05,8988,156000,100000,50000,0,6,121,5629,27,3546,7,96
2022-11-21T16:27:23.574-07:00,1,5935,4230,-6,0,0,20,-327,0,-2,220,-2,-2,2,250,1.24,1.26,1.26,1.2,3198,3300,45,80,58,501642,804522,-3,6.24,11988,4.04,8988,156000,100000,50000,0,1,121,5629,27,3551,7,95
2022-11-21T16:27:24.581-07:00,1,5930,4235,-7,0,0,20,-327,0,-2,220,-2,-2,2,250,1.24,1.26,1.26,1.2,3198,3300,45,80,64,427307,804522,-1,6.25,11998,4.04,8998,161000,100000,50000,0,1,121,5629,28,3551,7,96
2022-11-21T16:27:25.587-07:00,1,5935,4230,-6,0,0,20,-327,0,-2,220,-2,-2,2,250,1.24,1.26,1.26,1.2,3300,3300,45,80,61,367200,799237,-3,6.25,12006,4.05,8998,156000,100000,50000,0,1,121,5627,27,3558,7,95
2022-11-21T16:27:26.579-07:00,1,5935,4225,-6,1,0,20,-329,0,-2,220,-2,-2,2,250,1.24,1.26,1.26,1.2,3300,3300,45,80,58,356078,799237,-3,6.24,11998,4.04,8988,156000,100000,50000,0,6,121,5625,27,3548,7,96
2022-11-21T16:27:27.586-07:00,1,5940,4230,-6,0,0,20,-329,0,-2,220,-2,-2,2,250,1.24,1.26,1.26,1.2,3300,3300,45,80,61,304649,923953,-1,6.24,11988,4.04,8988,156000,100000,50000,0,6,121,5629,27,3548,7,96
2022-11-21T16:27:28.578-07:00,1,5930,4230,-6,0,0,20,-329,0,-2,220,-2,-2,2,250,1.24,1.27,1.26,1.2,3198,3300,45,80,64,241632,795733,-1,6.25,11998,4.04,8998,156000,100000,50000,0,6,121,5622,26,3553,7,96
2022-11-21T16:27:29.584-07:00,1,5930,4230,-7,0,0,20,-333,0,-2,220,-2,-2,2,250,1.24,1.27,1.26,1.2,3198,3300,45,80,64,450443,778441,0,6.24,11988,4.04,8988,166000,100000,50000,0,1,121,5625,27,3551,7,95
2022-11-21T16:27:30.576-07:00,1,5930,4235,-6,0,0,20,-331,0,-2,220,-2,-2,2,250,1.24,1.27,1.26,1.2,3198,3300,45,80,64,10542,778441,-1,6.24,12006,4.04,8998,166000,100000,50000,0,3,121,5627,27,3555,7,96
2022-11-21T16:27:31.583-07:00,1,5935,4230,-6,1,0,20,-331,0,-2,220,-2,-2,2,250,1.24,1.27,1.26,1.2,3300,3300,45,80,64,1518,775028,-1,6.25,11998,4.04,8998,161000,100000,50000,0,6,121,5632,27,3551,7,96
2022-11-21T16:27:32.575-07:00,1,5935,4235,-6,1,0,20,-333,0,-2,220,-2,-2,2,250,1.24,1.27,1.26,1.2,3300,3300,45,80,64,284,769936,0,6.24,11998,4.04,8998,166000,100000,50000,0,6,121,5625,27,3548,7,96
2022-11-21T16:27:33.581-07:00,1,5930,4235,-6,0,0,20,-331,0,-2,220,-2,-2,2,250,1.24,1.27,1.25,1.2,3198,3300,45,80,64,132,769936,0,6.25,12006,4.04,8998,170000,100000,50000,0,3,121,5627,27,3555,7,96
2022-11-21T16:27:34.587-07:00,1,5930,4235,-6,0,0,20,-333,0,-2,220,-2,-2,2,250,1.24,1.27,1.25,1.2,3198,3300,45,80,61,89,775028,0,6.25,11998,4.06,8998,166000,100000,50000,0,3,120,5625,27,3548,7,96
2022-11-21T16:27:35.580-07:00,1,5930,4230,-6,0,0,20,-333,0,-2,220,-2,-2,2,250,1.24,1.27,1.25,1.2,3300,3300,45,80,64,62,775028,-1,6.25,11998,4.04,8988,166000,100000,50000,0,6,120,5627,27,3553,7,96
2022-11-21T16:27:36.587-07:00,1,5935,4230,-6,0,0,20,-327,0,-2,220,-2,-2,2,250,1.24,1.27,1.25,1.2,3300,3300,45,80,64,51,769936,0,6.25,11998,4.04,8988,166000,100000,50000,0,6,120,5617,27,3553,7,96
2022-11-21T16:27:37.579-07:00,1,5930,4235,-6,0,0,20,-331,0,-2,220,-2,-3,2,250,1.24,1.27,1.25,1.2,3300,3300,45,80,64,39,778441,-1,6.25,12006,4.04,8998,170000,100000,50000,0,1,120,5627,27,3555,7,96
2022-11-21T16:27:38.585-07:00,1,5930,4230,-6,0,0,20,-329,0,-2,220,-2,-2,2,250,1.24,1.27,1.25,1.2,3198,3300,45,80,64,33,778441,-1,6.24,12006,4.04,8998,166000,100000,50000,0,1,121,5625,26,3553,7,96
2022-11-21T16:27:39.575-07:00,1,5930,4230,-6,1,0,20,-327,0,-2,220,-2,-2,2,250,1.24,1.27,1.25,1.2,3198,3300,45,80,64,28,775028,0,6.24,12006,4.04,8998,166000,100000,50000,0,6,120,5625,27,3555,7,97
2022-11-21T16:27:40.581-07:00,1,5930,4230,-6,0,0,20,-329,0,-2,220,-2,-2,2,250,1.24,1.27,1.25,1.2,3300,3300,45,80,64,27,775028,0,6.24,11998,4.05,8998,170000,100000,50000,0,6,120,5625,26,3548,7,96
2022-11-21T16:27:41.587-07:00,1,5930,4230,-7,0,0,20,-329,0,-2,220,-2,-3,2,250,1.24,1.27,1.25,1.2,3300,3300,45,80,64,29,1197404,0,6.24,12006,4.04,8998,166000,100000,50000,0,6,120,5622,27,3553,7,96
2022-11-21T16:27:42.578-07:00,1,5935,4230,-6,0,0,20,-329,0,-2,220,-2,-2,2,250,1.24,1.27,1.25,1.2,3300,3300,45,80,64,31,1133409,0,6.25,11998,4.05,8998,166000,100000,50000,0,6,121,5625,27,3548,7,96
2022-11-21T16:27:43.585-07:00,1,5930,4235,-6,0,0,20,-337,0,-2,220,-2,-2,2,250,1.24,1.27,1.25,1.2,3198,3300,45,80,61,33,763200,0,6.24,12006,4.04,8998,170000,100000,50000,0,1,120,5622,27,3551,7,96
2022-11-21T16:27:44.575-07:00,1,5935,4225,-6,0,0,20,-335,0,-2,220,-2,-2,2,250,1.24,1.27,1.25,1.2,3198,3300,45,80,61,35,564831,-3,6.24,11988,4.05,8988,161000,100000,50000,0,0,121,5627,27,3553,7,96
2022-11-21T16:27:45.582-07:00,1,5930,4235,-6,0,0,20,-333,0,-2,220,-2,-2,2,250,1.24,1.27,1.25,1.2,3300,3300,45,80,64,87,453422,-1,6.24,12006,4.04,8998,166000,100000,50000,0,1,120,5614,27,3551,7,92
2022-11-21T16:27:46.573-07:00,1,5935,4230,-7,0,0,20,-329,0,-2,220,-2,-2,2,250,1.24,1.27,1.25,1.2,3300,3300,45,80,64,108,382013,0,6.25,12006,4.04,8998,166000,100000,50000,0,3,119,5620,27,3551,7,91
2022-11-21T16:27:47.580-07:00,1,5930,4230,-6,0,0,20,-329,0,-2,220,-2,-2,2,250,1.24,1.27,1.25,1.2,3300,3300,45,80,64,108,337047,-1,6.24,11988,4.04,8998,170000,100000,50000,0,0,121,5629,27,3558,7,91
2022-11-21T16:27:48.586-07:00,1,5930,4225,-6,0,0,20,-331,0,-2,220,-2,-2,2,250,1.24,1.27,1.25,1.2,3198,3300,45,80,61,108,302648,-1,6.25,11988,4.05,8998,166000,100000,50000,0,6,120,5629,27,3553,7,92
2022-11-21T16:27:49.578-07:00,1,5935,4225,-7,0,0,20,-333,0,-2,220,-2,-2,2,250,1.24,1.27,1.25,1.2,3198,3300,45,80,61,108,524176,-1,6.24,11988,4.05,8988,170000,100000,50000,1,3,119,5622,27,3543,7,93
2022-11-21T16:27:50.585-07:00,1,5935,4230,-6,0,0,20,-331,0,-2,220,-2,-2,2,250,1.24,1.27,1.24,1.2,3198,3300,45,80,64,107,18102,-1,6.25,12006,4.04,8998,161000,100000,50000,0,1,120,5627,27,3546,7,92
2022-11-21T16:27:51.577-07:00,1,5930,4230,-6,0,0,20,-331,0,-2,220,-2,-2,2,250,1.24,1.27,1.24,1.2,3300,3300,45,80,64,108,3160,-1,6.25,12006,4.06,8998,166000,100000,50000,1,3,120,5627,26,3553,7,92
2022-11-21T16:27:52.583-07:00,1,5935,4230,-6,0,0,20,-325,0,-2,220,-2,-2,2,250,1.24,1.27,1.24,1.2,3300,3300,45,80,64,107,479,-1,6.25,11998,4.04,8988,166000,100000,50000,0,3,120,5632,27,3553,7,92
2022-11-21T16:27:53.574-07:00,1,5935,4230,-6,0,0,20,-329,0,-2,220,-2,-2,2,250,1.24,1.27,1.24,1.2,3198,3300,45,80,61,28466,149,-1,6.24,11988,4.04,8998,166000,100000,50000,0,6,120,5625,26,3551,7,92
2022-11-21T16:27:54.581-07:00,1,5935,4230,-6,0,0,20,-327,0,-2,220,-2,-2,2,250,1.24,1.27,1.24,1.2,3198,3300,45,80,61,41719,82,-3,6.25,12006,4.05,8998,166000,100000,50000,0,3,119,5627,27,3551,7,92
2022-11-21T16:27:55.587-07:00,1,5930,4230,-6,0,0,20,-329,0,-2,220,-2,-2,2,250,1.24,1.27,1.24,1.2,3198,3300,45,80,64,49499,51,0,6.25,12006,4.04,8998,166000,100000,50000,0,1,119,5627,27,3548,7,91
2022-11-21T16:27:56.577-07:00,1,5930,4230,-6,0,0,20,-329,0,-2,220,-2,-2,2,250,1.24,1.27,1.24,1.2,3198,3300,45,80,64,49499,51,0,6.25,12006,4.04,8998,166000,100000,50000,0,1,119,5627,27,3548,7,91
2022-11-21T16:27:57.585-07:00,1,5930,4230,-7,0,0,20,-329,0,-2,220,-2,-2,2,250,1.24,1.27,1.24,1.2,3300,3300,45,80,64,79722,29,0,6.24,12006,4.04,8998,166000,100000,50000,1,6,119,5622,27,3548,7,93
2022-11-21T16:27:58.576-07:00,1,5935,4230,-5,0,0,20,-335,0,-2,220,-2,-2,2,250,1.24,1.27,1.24,1.2,3300,3300,45,80,61,137858,20,-3,6.24,11998,4.05,8998,151000,100000,50000,0,6,119,5620,27,3551,7,92
2022-11-21T16:27:59.582-07:00,1,5930,4230,-6,0,0,20,-327,0,-2,220,-2,-2,2,250,1.24,1.27,1.24,1.2,3198,3300,45,80,64,241632,16,0,6.25,11988,4.04,8998,161000,100000,50000,1,3,120,5622,26,3551,7,91
2022-11-21T16:28:00.575-07:00,1,5935,4225,-6,0,0,20,-327,0,-2,220,-2,-2,2,250,1.24,1.27,1.24,1.2,3198,3300,45,80,64,331904,14,0,6.24,12006,4.04,8998,156000,100000,50000,0,3,120,5622,27,3555,7,92
2022-11-21T16:28:01.581-07:00,1,5935,4225,-6,0,0,20,-327,0,-2,220,-2,-2,2,250,1.24,1.27,1.24,1.2,3198,3300,45,80,61,387933,13,-3,6.24,11988,4.06,8988,156000,100000,50000,0,3,120,5627,27,3548,7,92
2022-11-21T16:28:02.585-07:00,1,5930,4230,-6,1,0,20,-333,0,-2,220,-2,-2,2,250,1.24,1.27,1.23,1.2,3300,3300,45,80,67,450443,13,0,6.25,12006,4.04,8998,151000,100000,50000,0,6,119,5625,27,3551,7,92
2022-11-21T16:28:03.576-07:00,1,5935,4230,-6,0,0,20,-331,0,-2,220,-2,-2,2,250,1.24,1.27,1.23,1.2,3300,3300,45,80,61,512785,13,-3,6.25,11998,4.05,8988,156000,100000,50000,0,1,120,5625,27,3551,7,92
2022-11-21T16:28:04.583-07:00,1,5935,4230,-6,0,0,20,-333,0,-2,220,-2,-2,2,250,1.24,1.27,1.23,1.2,3300,3300,45,80,64,573585,14,-1,6.24,11998,4.04,8998,156000,100000,50000,0,3,119,5627,27,3548,7,93
2022-11-21T16:28:05.575-07:00,1,5930,4230,-6,0,0,20,-327,0,-2,220,-2,-2,2,250,1.24,1.27,1.23,1.2,3198,3300,45,80,64,749903,14,-1,6.24,12006,4.04,8998,151000,100000,50000,0,6,120,5627,26,3546,7,92
2022-11-21T16:28:06.581-07:00,1,5935,4230,-7,0,0,20,-329,0,-2,220,-2,-2,2,250,1.24,1.27,1.23,1.2,3198,3300,45,80,67,799237,14,0,6.24,12006,4.04,8998,156000,100000,50000,0,6,120,5627,26,3548,7,92
2022-11-21T16:28:07.586-07:00,1,5930,4230,-7,0,0,20,-333,0,-2,220,-2,-2,2,250,1.24,1.27,1.23,1.2,3300,3300,45,80,67,804522,14,-1,6.24,12006,4.04,8998,156000,100000,50000,0,3,120,5627,27,3548,7,91
2022-11-21T16:28:08.575-07:00,1,5935,4225,-6,0,0,20,-329,0,-2,220,-2,-2,2,250,1.24,1.27,1.23,1.2,3300,3300,45,80.1,61,808065,14,-3,6.24,12006,4.04,8998,161000,100000,50000,1,3,119,5627,27,3553,7,92
2022-11-21T16:28:09.581-07:00,1,5935,4230,-7,0,0,20,-331,0,-2,220,-2,-2,2,250,1.24,1.27,1.23,1.2,3300,3300,45,80.1,61,808065,14,0,6.25,12006,4.05,8998,151000,100000,50000,0,6,119,5622,27,3553,7,92
2022-11-21T16:28:10.587-07:00,1,5930,4230,-6,1,0,20,-327,0,-2,220,-2,-2,2,250,1.24,1.27,1.23,1.2,3198,3300,45,80,67,808065,14,-1,6.25,11988,4.04,8998,161000,100000,50000,0,3,119,5625,27,3555,7,92
2022-11-21T16:28:11.579-07:00,1,5930,4230,-7,1,0,20,-331,0,-2,220,-2,-2,2,250,1.24,1.27,1.23,1.2,3198,3300,45,80,64,808065,15,-1,6.24,11998,4.05,8988,151000,100000,50000,0,3,119,5627,27,3553,7,92
2022-11-21T16:28:12.585-07:00,1,5935,4225,-6,0,0,20,-331,0,-2,220,-2,-2,2,250,1.24,1.27,1.23,1.2,3300,3300,45,80,64,804522,15,-1,6.24,11998,4.04,8998,151000,100000,50000,0,3,119,5622,27,3553,7,92
2022-11-21T16:28:13.576-07:00,1,5935,4230,-6,0,0,20,-331,0,-2,220,-2,-2,2,250,1.24,1.27,1.22,1.2,3300,3300,45,80.1,64,804522,15,0,6.24,12006,4.04,8998,156000,100000,50000,0,3,119,5627,27,3555,7,92
2022-11-21T16:28:14.584-07:00,1,5925,4230,-6,0,0,20,-335,0,-2,220,-2,-2,2,250,1.24,1.27,1.22,1.2,3300,3300,45,80.1,67,804522,15,0,6.25,12006,4.04,8998,151000,100000,50000,0,3,120,5627,26,3553,7,92
2022-11-21T16:28:15.573-07:00,1,5930,4230,-6,0,0,20,-331,0,-2,220,-2,-2,2,250,1.24,1.27,1.22,1.2,3198,3300,45,80.1,67,808065,15,-1,6.25,11988,4.04,8998,156000,100000,50000,0,3,119,5625,27,3548,7,92
2022-11-21T16:28:16.579-07:00,1,5930,4230,-6,0,0,20,-331,0,-2,220,-2,-2,2,250,1.24,1.27,1.22,1.2,3198,3300,45,80.1,67,808065,15,0,6.24,11998,4.05,8998,156000,100000,50000,0,1,119,5625,27,3553,7,92
2022-11-21T16:28:17.586-07:00,1,5940,4230,-6,1,0,20,-337,0,-2,220,-2,-2,2,250,1.24,1.27,1.22,1.2,3300,3300,45,80.1,64,813409,16,0,6.25,11998,4.05,8988,161000,100000,50000,0,1,119,5627,27,3553,7,92
2022-11-21T16:28:18.578-07:00,1,5935,4230,-6,0,0,20,-331,0,-2,220,-2,-2,2,250,1.24,1.27,1.22,1.2,3300,3300,45,80.1,64,813409,16,0,6.24,11998,4.05,8988,156000,100000,50000,0,3,119,5625,27,3553,7,92
2022-11-21T16:28:19.585-07:00,1,5935,4225,-6,0,0,20,-329,0,-2,220,-2,-2,2,250,1.24,1.27,1.22,1.2,3300,3300,45,80.1,61,804522,16,-1,6.24,12006,4.05,8998,156000,100000,50000,0,6,119,5627,26,3546,7,92
2022-11-21T16:28:20.575-07:00,1,5935,4230,-7,0,0,20,-329,0,-2,220,-2,-2,2,250,1.24,1.27,1.22,1.2,3198,3300,45,80.1,64,808065,16,0,6.25,12006,4.04,8998,156000,100000,50000,0,1,119,5632,27,3553,7,92
2022-11-21T16:28:21.582-07:00,1,5935,4230,-6,0,0,20,-333,0,-2,220,-2,-2,2,250,1.24,1.27,1.22,1.2,3198,3300,45,80,64,813409,16,-1,6.24,12006,4.05,8998,151000,100000,50000,0,3,119,5627,27,3555,7,92
2022-11-21T16:28:22.574-07:00,1,5935,4230,-6,0,0,20,-329,0,-2,220,-2,-2,2,250,1.24,1.27,1.21,1.2,3300,3300,45,80.1,61,813409,16,-1,6.25,12006,4.05,8998,156000,100000,50000,0,6,119,5627,26,3555,7,92
2022-11-21T16:28:23.580-07:00,1,5935,4230,-6,0,0,20,-327,0,-2,220,-2,-2,2,250,1.24,1.27,1.21,1.2,3300,3300,45,80.1,67,808065,16,0,6.24,11998,4.04,8998,166000,100000,50000,0,6,119,5617,27,3553,7,92
2022-11-21T16:28:24.587-07:00,1,5935,4230,-6,0,0,20,-339,0,-2,220,-2,-2,2,250,1.24,1.27,1.21,1.2,3300,3300,45,80.1,64,813409,16,-1,6.24,11998,4.04,8988,156000,100000,50000,0,3,119,5622,26,3553,7,92
2022-11-21T16:28:25.578-07:00,1,5935,4225,-6,0,0,20,-325,0,-2,220,-2,-2,2,250,1.24,1.27,1.21,1.2,3198,3300,45,80.1,8,816991,16,-3,6.24,11998,4.04,8988,156000,100000,50000,0,0,0,0,1,7,8,91
2022-11-21T16:28:26.584-07:00,1,5935,4230,-6,0,0,0,-325,0,-2,-4,-2,-2,2,-3,1.24,1.27,1.21,1.2,3198,3300,45,80.1,8,804522,16,0,6.24,12006,4.05,8998,146000,100000,50000,0,1,0,2,0,7,9,92
2022-11-21T16:28:27.576-07:00,1,5930,4230,-6,0,0,0,-351,0,-2,-3,-2,-2,2,0,1.24,1.27,1.21,1.2,3300,3300,45,80.1,11,766561,17,-1,6.25,12006,4.04,8998,112000,100000,50000,0,3,0,2,1,2,9,93
2022-11-21T16:28:28.584-07:00,1,5935,4230,-7,0,0,0,-333,0,-2,-3,-2,-2,2,0,1.24,1.27,1.21,1.2,3300,3300,45,80.1,8,763200,17,0,6.24,12006,4.04,8998,97000,100000,50000,0,6,0,0,1,7,9,93
2022-11-21T16:28:29.575-07:00,1,5935,4230,-6,0,0,0,-335,0,-2,-3,-2,-2,2,1,1.24,1.27,1.21,1.2,3300,3300,45,80.1,11,763200,17,-1,6.25,11988,4.05,8988,87000,100000,50000,0,6,0,0,1,4,10,92
2022-11-21T16:28:30.581-07:00,1,5935,4230,-6,0,0,0,-333,0,-2,-3,-2,-2,2,1,1.24,1.27,1.21,1.2,3198,3300,45,80.1,11,763200,17,-1,6.24,11988,4.06,8998,68000,100000,50000,0,1,0,0,1,4,10,93
2022-11-21T16:28:31.588-07:00,1,5935,4230,-6,0,0,0,-331,0,-2,-3,-2,-2,2,1,1.24,1.27,1.21,1.2,3198,3300,45,80.1,8,1099078,17,-1,6.25,12006,4.05,8998,58000,100000,50000,0,6,0,0,1,4,10,93
2022-11-21T16:28:32.578-07:00,1,5930,4225,-6,0,0,0,-337,0,-2,-3,-2,-2,2,1,1.24,1.27,1.21,1.2,3300,3300,45,80.1,11,1189538,17,-1,6.26,11998,4.05,8988,48000,100000,50000,0,3,0,2,1,4,10,92
2022-11-21T16:28:33.585-07:00,1,5935,4225,-7,0,0,0,-337,0,-2,-3,-2,-2,2,1,1.23,1.26,1.2,1.2,3300,3300,45,80.1,8,876497,17,-1,6.25,11998,4.05,8988,39000,100000,50000,0,6,0,0,0,4,10,93
2022-11-21T16:28:34.576-07:00,1,5935,4230,-6,0,0,0,-331,0,-2,-3,-2,-2,2,1,1.23,1.26,1.2,1.2,3300,3300,45,80.1,11,648680,17,-1,6.25,11998,4.05,8998,34000,100000,50000,0,1,0,0,1,7,10,92
2022-11-21T16:28:35.584-07:00,1,5935,4225,-7,0,0,0,-333,0,-2,-3,-2,-2,2,2,1.23,1.26,1.19,1.2,3198,3300,45,80.1,8,518449,17,-1,6.25,11998,4.06,8988,19000,100000,50000,0,1,0,0,1,2,10,93
2022-11-21T16:28:36.575-07:00,1,5935,4230,-6,0,0,0,-337,0,-2,-3,-2,-2,2,1,1.23,1.26,1.19,1.2,3198,3300,45,80.1,11,436799,17,-1,6.26,11988,4.05,8988,14000,100000,50000,0,6,0,0,1,4,10,92
2022-11-21T16:28:37.582-07:00,1,5940,4230,501,2,0,0,-333,0,-2,-3,-2,-2,2,1,1.23,1.26,1.19,1.2,3300,3300,45,80.1,8,382013,18,-1,6.25,12006,4.05,8998,19000,100000,50000,0,3,0,0,1,9,11,92
2022-11-21T16:28:38.587-07:00,1,5935,4225,1994,0,0,0,-339,0,-2,-3,-2,-2,2,1,1.22,1.25,1.19,1.2,3300,3300,45,80.1,8,343024,18,-1,6.24,11988,4.05,8998,14000,100000,50000,0,6,0,2,0,4,11,93
2022-11-21T16:28:39.579-07:00,1,5930,4225,2002,0,0,0,-335,0,-2,-3,-2,-2,2,1,1.22,1.25,1.19,1.2,3300,3300,45,80.1,2884,311416,18,-1,6.24,11998,4.04,8998,263000,100000,50000,0,6,0,0,0,2,12,92
2022-11-21T16:28:40.586-07:00,1,5935,4230,1284,503,0,0,-339,0,-2,-3,-2,-2,2,1,1.22,1.25,1.19,1.2,3198,3300,45,80.1,2860,258535,18,0,6.24,12006,4.04,8998,210000,100000,50000,0,6,0,2,0,4,13,92
2022-11-21T16:28:41.576-07:00,1,5930,4230,1001,748,0,0,-337,0,-2,-3,-2,-2,2,1,1.22,1.25,1.18,1.2,3198,3300,45,80.1,4495,29709,18,-1,6.25,11998,4.04,8988,48000,100000,50000,0,6,0,0,1,4,13,92
2022-11-21T16:28:42.581-07:00,1,5935,4235,1000,750,0,0,-331,0,-2,-3,-2,-2,2,1,1.22,1.25,1.18,1.2,3300,3300,45,80.1,4469,3010,18,-1,6.24,11998,4.06,8998,19000,100000,100,0,6,0,2,0,2,13,93
2022-11-21T16:28:43.586-07:00,1,5935,4230,624,1488,0,0,-337,0,-2,-3,-2,-2,2,1,1.22,1.25,1.17,1.2,3300,3300,45,80.1,5475,455,18,-1,6.25,11988,4.06,8998,127000,100000,100,0,6,0,2,0,7,14,92
2022-11-21T16:28:44.576-07:00,1,5930,4230,500,1498,0,0,-339,0,-2,-3,-2,-2,2,1,1.21,1.24,1.17,1.2,3300,3300,45,80.1,5475,153,18,-1,6.24,12006,4,8998,459000,100000,100,0,6,0,0,0,7,14,92
2022-11-21T16:28:45.582-07:00,1,5935,4230,500,1498,0,0,-341,0,-2,-3,-2,-2,2,1,1.21,1.24,1.17,1.2,3198,3300,45,80.1,5472,95,18,-1,6.22,11988,4,8998,498000,100000,30000,0,3,0,2,0,4,14,93
2022-11-21T16:28:46.574-07:00,1,5925,4230,500,1498,0,0,-339,0,-2,-3,-2,-2,2,1,1.21,1.24,1.16,1.19,3198,3300,45,80.1,5472,60,18,-1,6.22,11988,4,8988,503000,100000,30000,0,3,0,2,0,7,14,93
2022-11-21T16:28:47.580-07:00,1,5935,4220,500,1500,0,0,-335,0,-2,-3,-2,-2,2,1,1.21,1.24,1.16,1.19,3300,3300,45,80.1,5469,43,18,-3,6.22,12006,4.01,8998,503000,100000,30000,0,0,0,2,0,7,14,92
2022-11-21T16:28:48.587-07:00,1,5930,4230,25,1919,0,0,-329,0,-2,-3,-2,-2,2,1,1.21,1.24,1.16,1.19,3300,3300,45,80.1,5498,31,19,-1,6.21,11998,4,8998,537000,100000,30000,0,6,0,0,1,7,15,92
2022-11-21T16:28:49.578-07:00,1,5930,4225,-5,1999,0,0,-335,0,-2,-3,-2,-2,2,1,1.2,1.23,1.16,1.2,3300,3300,45,80.1,5498,25,18,-3,6.2,11998,4,8988,630000,100000,35753,0,3,0,2,1,2,15,93
2022-11-21T16:28:50.584-07:00,1,5935,4225,-6,1999,0,0,-339,0,-2,-3,-2,-2,2,1,1.2,1.23,1.16,1.2,3198,3300,45,80.1,5498,21,18,-1,6.19,11998,4,8998,615000,100000,34879,0,3,0,2,1,2,15,93
2022-11-21T16:28:51.573-07:00,1,5930,4230,-6,2000,0,0,-337,0,-2,-3,-2,-2,2,1,1.2,1.23,1.16,1.19,3198,3300,45,80.1,5472,19,19,0,6.2,11988,4,8998,581000,100000,34152,0,6,0,0,1,2,15,92
2022-11-21T16:28:52.580-07:00,1,5935,4230,-6,2000,0,0,-337,0,-2,-3,-2,-2,2,1,1.19,1.23,1.15,1.19,3300,3300,45,80.1,5472,20,19,-1,6.2,11998,4,8998,556000,100000,33669,0,0,0,2,0,7,15,92
2022-11-21T16:28:53.587-07:00,1,5930,4230,-6,2000,0,0,-335,0,-2,-3,-2,-2,2,1,1.19,1.23,1.15,1.19,3300,3300,45,80.1,5475,20,19,-1,6.2,12006,4,8998,561000,100000,33513,0,1,0,0,0,4,15,92
2022-11-21T16:28:54.577-07:00,1,5935,4230,-6,2000,0,0,-337,0,-2,-3,-2,-2,2,1,1.19,1.23,1.14,1.19,3300,3300,45,80.2,5498,21,19,-1,6.21,12006,4,8988,556000,100000,33431,0,1,0,2,0,7,15,93
2022-11-21T16:28:55.584-07:00,1,5930,4230,-6,2000,0,0,-337,0,-2,-3,-2,-2,2,1,1.18,1.22,1.14,1.19,3198,3300,45,80.1,5475,22,19,-1,6.2,12006,4,8998,552000,100000,33276,0,6,0,2,0,2,15,93
2022-11-21T16:28:56.576-07:00,1,5935,4230,-6,2000,0,0,-333,0,-2,-3,-2,-2,2,1,1.18,1.22,1.14,1.19,3198,3300,45,80.1,5469,22,19,-3,6.19,11988,4,8998,552000,100000,33148,0,3,0,0,1,7,15,93
2022-11-21T16:28:57.582-07:00,1,5925,4230,-6,2000,0,0,-335,0,-2,-3,-2,-2,2,1,1.18,1.22,1.14,1.2,3198,3300,45,80.1,5472,23,19,-1,6.2,11988,4,8988,552000,100000,33047,0,6,0,0,0,7,15,93
2022-11-21T16:28:58.572-07:00,1,5940,4225,-6,2000,0,0,-337,0,-2,-3,-2,-3,2,1,1.18,1.22,1.14,1.2,3300,3300,45,80.1,5472,23,19,-3,6.2,11998,4,8998,556000,100000,32987,0,1,0,2,0,2,15,93
2022-11-21T16:28:59.578-07:00,1,5935,4225,-6,2000,0,0,-335,0,-2,-3,-2,-2,2,1,1.18,1.22,1.14,1.2,3300,3300,45,80.2,5498,24,19,0,6.2,11998,4,8998,556000,100000,32995,0,6,0,2,0,4,15,93
2022-11-21T16:29:00.585-07:00,1,5935,4225,-6,2000,0,0,-335,0,-2,-3,-2,-2,2,1,1.17,1.21,1.13,1.2,3198,3300,45,80.2,5498,24,19,-3,6.19,11998,4,8998,556000,100000,32924,0,3,0,0,1,7,15,93
2022-11-21T16:29:01.577-07:00,1,5925,4230,-6,2000,0,0,-337,0,-2,-3,-2,-2,2,1,1.17,1.21,1.13,1.2,3198,3300,45,80.2,5475,25,19,-1,6.2,12006,4,8988,552000,100000,32886,0,6,0,0,0,2,15,93
2022-11-21T16:29:02.583-07:00,1,5935,4225,-6,2000,0,0,-339,0,-2,-3,-2,-3,2,1,1.17,1.21,1.13,1.2,3198,3300,45,80.2,5492,26,19,-1,6.22,11998,4,8998,556000,100000,32809,0,6,0,2,0,7,15,94
2022-11-21T16:32:38.573-07:00,1,,,,,,,,,,,,,,,,,,,,,,,,,,,,,,,,,,,,,,,,,
2022-11-21T16:32:39.580-07:00,1,,,,,,,,,,,,,,,,,,,,,,,,,,,,,,,,,,,,,,,,,
2022-11-21T16:32:40.575-07:00,1,,,,,,,,,,,,,,,,,,,,,,,,,,,,,,,,,,,,,,,,,
2022-11-21T16:32:41.589-07:00,1,,,,,,,,,,,,,,,,,,,,,,,,,,,,,,,,,,,,,,,,,
2022-11-21T16:32:42.574-07:00,1,,,,,,,,,,,,,,,,,,,,,,,,,,,,,,,,,,,,,,,,,
2022-11-21T16:32:43.581-07:00,1,5935,4230,-6,0,0,36,-315,0,-2,83,-2,-2,2,1,1.2,1.2,1.19,1.2,3198,3300,45,80,8,769936,114,0,6.25,12006,4.05,8998,97000,100000,50000,0,1,0,2,0,2,3,96
2022-11-21T16:32:44.573-07:00,1,5930,4235,-7,0,0,46,-335,0,-2,586,-2,-3,2,1,1.2,1.2,1.19,1.2,3300,3300,45,80,8,769936,114,-1,6.24,12006,4.04,8988,112000,100000,50000,0,0,0,0,0,4,3,96
2022-11-21T16:32:45.578-07:00,1,5935,4230,-6,0,0,45,-329,0,-2,601,-2,-2,2,1,1.2,1.2,1.19,1.19,3300,3300,45,80,8,769936,114,-1,6.26,11998,4.04,8998,151000,100000,50000,0,6,0,0,1,9,3,96
2022-11-21T16:32:46.586-07:00,1,5935,4220,-6,0,0,45,-329,0,-2,600,-2,-2,2,1,1.2,1.2,1.19,1.19,3300,3300,45,80,5,769936,114,-3,6.24,12006,4.05,8998,166000,100000,50000,0,6,0,0,1,7,3,96
2022-11-21T16:32:47.577-07:00,1,5935,4230,-6,0,0,45,-327,0,-2,600,-2,-2,2,1,1.2,1.2,1.19,1.19,3198,3300,45,80,8,769936,114,0,6.25,11998,4.04,8998,146000,100000,50000,0,3,0,0,1,4,3,96
2022-11-21T16:32:48.582-07:00,1,5935,4225,-6,0,0,45,-325,0,-2,600,-2,-2,2,1,1.2,1.2,1.19,1.2,3198,3300,45,80,11,766561,114,-3,6.24,12006,4.05,8998,185000,100,50000,0,1,0,2,36,1402,4,95
2022-11-21T16:32:49.574-07:00,1,5930,4230,-6,0,0,45,-331,0,-2,600,-2,-2,2,1,1.2,1.2,1.19,1.2,3300,3300,45,80,11,766561,114,-1,6.24,11988,4.04,8998,185000,100,50000,0,1,0,4,39,1540,4,95
2022-11-21T16:32:50.581-07:00,1,5935,4230,-6,0,0,20,-331,0,-2,251,-2,-2,3,133,1.2,1.2,1.19,1.2,3300,3300,45,80,14,766561,114,0,6.25,12006,4.04,8998,263000,100,50000,0,6,0,0,9,1518,5,96
2022-11-21T16:32:51.572-07:00,1,5935,4225,-6,1,0,20,-335,0,-2,220,-2,-2,2,251,1.2,1.2,1.19,1.2,3300,3300,45,80,14,769936,114,0,6.24,12006,4.04,8998,190000,15000,50000,0,6,0,0,49,1559,5,96
2022-11-21T16:32:52.578-07:00,1,5940,4225,-6,0,0,20,-331,0,-2,220,-2,-2,2,250,1.2,1.2,1.19,1.2,3198,3300,45,80,23,769936,114,0,6.24,11998,4.05,8998,185000,15000,50000,0,6,31,2767,11,1516,6,96
2022-11-21T16:32:53.586-07:00,1,5935,4225,-6,0,0,20,-331,0,-2,220,-2,-2,2,250,1.2,1.2,1.2,1.2,3198,3300,45,80,23,769936,114,-3,6.25,12006,4.05,8998,185000,15000,50000,0,6,36,3039,9,1511,6,96
2022-11-21T16:32:54.577-07:00,1,5935,4230,-6,0,0,20,-327,0,-2,220,-2,-2,2,250,1.2,1.2,1.2,1.2,3300,3300,45,80,55,769936,114,-1,6.25,11988,4.04,8998,175000,15000,50000,0,6,127,5391,28,3372,7,95
2022-11-21T16:32:55.584-07:00,1,5940,4230,-7,0,0,20,-331,0,-2,220,-2,-2,2,250,1.2,1.2,1.2,1.2,3300,3300,45,80,58,769936,114,-1,6.24,11988,4.04,8998,166000,15000,50000,0,6,139,5634,26,3543,7,96
2022-11-21T16:32:56.576-07:00,1,5935,4230,-6,1,0,20,-337,0,-2,220,-2,-3,2,250,1.2,1.2,1.2,1.2,3300,3300,45,80,55,766561,114,-3,6.24,12006,4.04,8998,166000,100000,50000,1,3,136,5645,28,3555,7,96
2022-11-21T16:32:57.583-07:00,1,5935,4225,-6,1,0,20,-329,0,-2,220,-2,-2,2,250,1.2,1.2,1.2,1.2,3198,3300,45,80,58,769936,114,-1,6.24,11998,4.04,8998,166000,100000,50000,0,1,135,5645,28,3558,7,96
2022-11-21T16:32:58.575-07:00,1,5935,4230,-6,0,0,20,-329,0,-2,220,-2,-2,2,250,1.2,1.2,1.2,1.2,3198,3300,45,80,58,769936,114,0,6.25,11998,4.04,8998,166000,100000,50000,0,6,134,5634,29,3553,7,95
2022-11-21T16:32:59.582-07:00,1,5935,4230,-6,1,0,20,-331,0,-2,220,-2,-2,2,250,1.2,1.2,1.2,1.2,3300,3300,45,80,58,766561,114,-1,6.25,12006,4.04,8998,166000,100000,50000,0,1,133,5639,30,3551,7,96
2022-11-21T16:33:00.572-07:00,1,5935,4230,-7,0,0,20,-333,0,-2,220,-2,-2,2,250,1.2,1.2,1.2,1.2,3300,3300,45,80,55,769936,114,0,6.25,11998,4.06,8998,166000,100000,50000,0,1,132,5643,30,3551,7,96
2022-11-21T16:33:01.579-07:00,1,5935,4230,-7,0,0,20,-329,0,-2,220,-2,-2,2,250,1.2,1.2,1.2,1.2,3300,3300,45,80,55,769936,114,-1,6.25,12006,4.05,8998,170000,100000,50000,0,6,132,5637,27,3548,7,96
2022-11-21T16:33:02.584-07:00,1,5935,4235,-6,0,0,20,-331,0,-2,220,-2,-2,2,250,1.2,1.2,1.2,1.2,3198,3300,45,80,55,775028,114,0,6.24,11998,4.05,8988,170000,100000,50000,0,1,132,5632,27,3553,7,97
2022-11-21T16:33:03.576-07:00,1,5935,4225,-6,0,0,20,-325,0,-2,220,-2,-2,2,250,1.2,1.2,1.2,1.2,3198,3300,45,80,55,769936,114,-1,6.24,11998,4.05,8988,166000,100000,50000,0,6,130,5632,27,3548,7,96
2022-11-21T16:33:04.582-07:00,1,5935,4225,-6,0,0,20,-325,0,-2,220,-2,-2,2,250,1.2,1.2,1.2,1.2,3198,3300,45,80,55,769936,114,-1,6.24,11998,4.05,8988,166000,100000,50000,0,6,130,5632,27,3548,7,96
2022-11-21T16:33:05.573-07:00,1,5930,4230,-6,0,0,20,-329,0,-2,220,-2,-2,2,250,1.2,1.2,1.21,1.2,3300,3300,45,80,55,769936,114,-1,6.25,11998,4.06,8988,166000,100000,50000,0,6,129,5629,28,3548,7,96
2022-11-21T16:33:06.579-07:00,1,5930,4230,-6,0,0,20,-331,0,-2,220,-2,-2,2,250,1.21,1.2,1.21,1.2,3300,3300,45,80,58,766561,114,0,6.25,11988,4.04,8998,166000,100000,50000,0,6,128,5629,27,3551,7,95
2022-11-21T16:33:07.586-07:00,1,5925,4230,-6,1,0,20,-335,0,-2,220,-2,-2,2,250,1.21,1.2,1.21,1.2,3300,3300,45,80,55,769936,114,-1,6.24,11988,4.05,8988,166000,100000,50000,0,1,126,5632,28,3553,7,96
2022-11-21T16:33:08.578-07:00,1,5935,4230,-6,0,0,20,-329,0,-2,220,-2,-2,2,250,1.21,1.21,1.21,1.2,3198,3300,45,80,55,769936,114,-3,6.24,12006,4.05,8998,166000,100000,50000,0,6,126,5632,27,3553,7,95
2022-11-21T16:33:09.584-07:00,1,5935,4230,-6,0,0,20,-333,0,-2,220,-2,-2,2,250,1.21,1.21,1.21,1.2,3198,3300,45,80,55,766561,114,-1,6.24,12006,4.05,8998,166000,100000,50000,0,3,126,5632,28,3553,7,96
2022-11-21T16:33:10.575-07:00,1,5935,4230,-6,0,0,20,-333,0,-2,220,-2,-2,2,250,1.21,1.21,1.21,1.2,3300,3300,45,80,55,766561,114,-1,6.24,12006,4.05,8998,166000,100000,50000,0,6,125,5632,28,3551,7,96
2022-11-21T16:33:11.582-07:00,1,5935,4230,-6,1,0,20,-325,0,-2,220,-2,-2,2,250,1.22,1.21,1.22,1.2,3300,3300,45,80,55,769936,114,-1,6.24,11988,4.04,8998,166000,100000,50000,0,6,124,5625,29,3555,7,96
2022-11-21T16:33:12.574-07:00,1,5925,4230,-6,0,0,20,-329,0,-2,220,-2,-2,2,250,1.22,1.21,1.22,1.2,3300,3300,45,80,58,769936,114,0,6.25,11988,4.04,8988,170000,100000,50000,0,6,124,5627,29,3548,7,95
2022-11-21T16:33:13.579-07:00,1,5940,4225,-6,0,0,20,-327,0,-2,220,-2,-2,2,250,1.22,1.21,1.22,1.2,3198,3300,45,80,55,766561,114,-3,6.25,12006,4.04,8998,166000,100000,50000,0,3,123,5625,29,3555,7,95
2022-11-21T16:33:14.585-07:00,1,5925,4230,-6,0,0,20,-331,0,-2,220,-2,-2,2,250,1.22,1.22,1.22,1.2,3198,3300,45,80,58,766561,114,-1,6.25,12006,4.04,8998,170000,100000,50000,1,3,124,5632,28,3551,7,96
2022-11-21T16:33:15.575-07:00,1,5935,4225,-6,0,0,20,-327,0,-2,220,-2,-2,2,250,1.22,1.22,1.22,1.2,3198,3300,45,80,55,769936,114,-3,6.24,11998,4.05,8988,166000,100000,50000,0,1,123,5629,29,3553,7,97
2022-11-21T16:33:16.582-07:00,1,5935,4230,-6,0,0,20,-327,0,-2,220,-2,-2,2,250,1.22,1.22,1.22,1.2,3300,3300,45,80,58,775028,114,-1,6.25,11998,4.05,8998,166000,100000,50000,0,1,124,5637,29,3553,7,96
2022-11-21T16:33:17.574-07:00,1,5930,4230,-6,1,0,20,-329,0,-2,220,-2,-2,2,250,1.22,1.22,1.23,1.2,3300,3300,45,80,58,769936,114,-1,6.25,12006,4.04,8998,166000,100000,50000,0,1,124,5629,29,3548,7,96
2022-11-21T16:33:18.581-07:00,1,5935,4230,-6,0,0,20,-333,0,-2,220,-2,-2,2,250,1.22,1.22,1.23,1.2,3198,3300,45,80,58,775028,114,-1,6.24,12006,4.04,8988,166000,100000,50000,0,1,123,5627,28,3555,7,96
2022-11-21T16:33:19.572-07:00,1,5935,4225,-6,0,0,20,-327,0,-2,220,-2,-2,2,250,1.22,1.22,1.23,1.2,3198,3300,45,80,52,769936,114,-3,6.25,12006,4.04,8998,166000,100000,50000,0,3,123,5629,28,3555,7,96
2022-11-21T16:33:20.577-07:00,1,5935,4230,-6,0,0,20,-331,0,-2,220,-2,-2,2,250,1.22,1.23,1.23,1.2,3198,3300,45,80,55,769936,114,0,6.24,12006,4.04,8998,166000,100000,50000,0,6,123,5625,28,3553,7,96
2022-11-21T16:33:21.584-07:00,1,5930,4235,-7,0,0,20,-327,0,-2,220,-2,-2,2,250,1.22,1.23,1.23,1.2,3300,3300,45,80,55,769936,114,-1,6.25,11988,4.04,8988,166000,100000,50000,1,6,122,5627,29,3555,7,97
2022-11-21T16:33:22.576-07:00,1,5940,4220,-6,0,0,20,-329,0,-2,220,-2,-2,2,250,1.22,1.23,1.24,1.2,3300,3300,45,80,58,775028,114,-1,6.25,11988,4.04,8988,161000,100000,50000,0,6,123,5625,28,3555,7,97
2022-11-21T16:33:23.582-07:00,1,5935,4225,-6,0,0,20,-335,0,-2,220,-2,-2,2,250,1.22,1.23,1.24,1.2,3198,3300,45,80,58,769936,114,-1,6.24,12006,4.04,8998,166000,100000,50000,0,3,122,5625,29,3558,7,96
2022-11-21T16:33:24.574-07:00,1,5935,4230,-6,1,0,20,-331,0,-2,220,-2,-2,2,250,1.22,1.23,1.24,1.2,3198,3300,45,80,58,769936,114,-1,6.24,12006,4.04,8998,166000,100000,50000,0,6,122,5629,28,3553,7,96
2022-11-21T16:33:25.581-07:00,1,5935,4235,-6,0,0,20,-329,0,-2,220,-2,-2,2,250,1.23,1.23,1.24,1.2,3198,3300,45,80,55,769936,114,-3,6.25,11998,4.05,8988,166000,100000,50000,0,3,123,5622,28,3553,7,96
2022-11-21T16:33:26.587-07:00,1,5935,4230,-6,0,0,20,-327,0,-2,220,-2,-2,2,250,1.23,1.23,1.24,1.2,3300,3300,45,80,58,769936,143,-1,6.24,11998,4.05,8998,166000,100000,50000,1,1,123,5627,28,3555,7,96
2022-11-21T16:33:27.578-07:00,1,5930,4225,-6,0,0,20,-331,0,-2,220,-2,-2,2,250,1.23,1.23,1.24,1.2,3300,3300,45,80,58,769936,31007,0,6.24,11998,4.04,8998,156000,100000,50000,1,1,123,5629,28,3555,7,97
2022-11-21T16:33:28.584-07:00,1,5935,4225,-6,0,0,20,-333,0,-2,220,-2,-2,2,250,1.23,1.24,1.24,1.19,3300,3300,45,80,55,769936,38687,0,6.24,12006,4.04,8998,161000,100000,50000,0,6,123,5632,28,3553,7,96
2022-11-21T16:33:29.576-07:00,1,5930,4230,-6,0,0,20,-329,0,-2,220,-2,-2,2,250,1.23,1.24,1.24,1.19,3198,3300,45,80,58,769936,47071,0,6.25,11998,4.04,8988,156000,100000,50000,0,6,122,5625,29,3548,7,96
2022-11-21T16:33:30.583-07:00,1,5935,4230,-7,0,0,20,-331,0,-2,220,-2,-3,2,250,1.23,1.24,1.24,1.19,3198,3300,45,80,58,769936,79722,0,6.24,12006,4.05,8998,156000,100000,50000,0,1,123,5632,28,3551,7,96
2022-11-21T16:33:31.575-07:00,1,5935,4225,-6,0,0,20,-325,0,-2,220,-2,-2,2,250,1.23,1.24,1.25,1.2,3300,3300,45,80,58,766561,154650,0,6.24,12006,4.04,8988,156000,100000,50000,0,3,122,5629,28,3548,7,96
2022-11-21T16:33:32.582-07:00,1,5935,4230,-6,0,0,20,-327,0,-2,220,-2,-2,2,250,1.23,1.24,1.25,1.2,3300,3300,45,80,55,769936,308014,0,6.24,11998,4.05,8998,151000,100000,50000,0,6,122,5622,28,3553,7,96
2022-11-21T16:33:33.574-07:00,1,5930,4230,-6,1,0,20,-321,0,-2,220,-2,-2,2,250,1.23,1.24,1.25,1.2,3300,3300,45,80,58,769936,356078,-1,6.25,11998,4.04,8998,156000,100000,50000,0,6,122,5620,27,3551,7,96
2022-11-21T16:33:34.580-07:00,1,5935,4225,-6,1,0,20,-323,0,-2,220,-2,-2,2,250,1.23,1.25,1.25,1.2,3198,3300,45,80,58,769936,404470,-1,6.25,11998,4.05,8998,156000,100000,50000,0,3,123,5627,28,3553,7,96
2022-11-21T16:33:35.587-07:00,1,5935,4230,-6,0,0,20,-331,0,-2,220,-2,-2,2,250,1.23,1.25,1.25,1.2,3198,3300,45,80,58,769936,467585,0,6.24,12006,4.04,8998,161000,100000,50000,0,1,122,5627,28,3553,7,96
2022-11-21T16:33:36.578-07:00,1,5935,4230,-6,1,0,20,-329,0,-2,220,-2,-2,2,250,1.23,1.25,1.25,1.2,3300,3300,45,80,58,775028,554990,0,6.25,11998,4.04,8998,156000,100000,50000,0,6,122,5627,27,3553,7,96
2022-11-21T16:33:37.585-07:00,1,5930,4230,-6,0,0,20,-331,0,-2,220,-2,-2,2,250,1.23,1.25,1.25,1.2,3300,3300,45,80,58,769936,599350,-1,6.25,11998,4.04,8998,156000,100000,50000,0,1,121,5627,28,3555,7,96
2022-11-21T16:33:38.576-07:00,1,5935,4230,-6,1,0,20,-331,0,-2,220,-2,-2,2,250,1.23,1.25,1.25,1.2,3300,3300,45,80,58,769936,795733,-1,6.24,12006,4.04,8998,161000,100000,50000,0,6,122,5629,28,3555,7,96
2022-11-21T16:33:39.583-07:00,1,5925,4230,-6,1,0,20,-331,0,-2,220,-2,-2,2,250,1.23,1.25,1.25,1.2,3198,3300,45,80,58,769936,792244,0,6.24,11998,4.04,8998,156000,100000,50000,0,6,122,5625,28,3551,7,96
2022-11-21T16:33:40.573-07:00,1,5935,4230,-6,0,0,20,-323,0,-2,220,-2,-2,2,250,1.23,1.25,1.25,1.2,3198,3300,45,80,61,769936,795733,-1,6.24,12006,4.05,8998,156000,100000,50000,0,0,122,5629,27,3555,7,97
2022-11-21T16:33:41.578-07:00,1,5930,4235,-6,0,0,20,-325,0,-2,220,-2,-2,2,250,1.23,1.25,1.25,1.2,3300,3300,45,80,58,769936,795733,-1,6.24,12006,4.05,8998,156000,100000,50000,0,1,122,5639,28,3558,7,97
2022-11-21T16:33:42.584-07:00,1,5935,4225,-6,0,0,20,-325,0,-2,220,-2,-2,2,250,1.23,1.25,1.26,1.2,3300,3300,45,80,58,769936,795733,-1,6.24,12006,4.04,8998,156000,100000,50000,0,1,122,5625,28,3551,7,96
2022-11-21T16:33:43.576-07:00,1,5935,4230,-6,0,0,20,-331,0,-2,220,-2,-2,2,250,1.23,1.25,1.26,1.2,3300,3300,45,80,61,769936,799237,0,6.25,11998,4.04,8988,156000,100000,50000,0,6,122,5627,28,3555,7,96
2022-11-21T16:33:44.582-07:00,1,5935,4225,-6,0,0,20,-331,0,-2,220,-2,-2,2,250,1.23,1.25,1.26,1.2,3198,3300,45,80,58,766561,799237,-1,6.25,12006,4.04,8998,156000,100000,50000,0,1,122,5627,28,3555,7,96
2022-11-21T16:33:45.573-07:00,1,5940,4230,-6,0,0,20,-331,0,-2,220,-2,-2,2,250,1.23,1.26,1.26,1.2,3198,3300,45,80,58,769936,799237,0,6.24,12006,4.05,8998,156000,100000,50000,0,6,122,5627,27,3555,7,96
2022-11-21T16:33:46.579-07:00,1,5935,4230,-6,1,0,20,-333,0,-2,220,-2,-2,2,250,1.23,1.26,1.26,1.2,3300,3300,45,80,64,769936,799237,0,6.25,12006,4.04,8998,161000,100000,50000,0,6,122,5629,27,3546,7,96
2022-11-21T16:33:47.583-07:00,1,5935,4225,-6,1,0,20,-327,0,-2,220,-2,-2,2,250,1.23,1.26,1.26,1.2,3300,3300,45,80,61,769936,795733,-3,6.24,12006,4.05,8998,156000,100000,50000,0,3,122,5625,27,3553,7,96
2022-11-21T16:33:48.573-07:00,1,5935,4230,-6,0,0,20,-329,0,-2,220,-2,-2,2,250,1.23,1.26,1.26,1.2,3300,3300,45,80,64,769936,804522,0,6.25,12006,4.05,8998,156000,100000,50000,0,6,122,5622,27,3553,7,96
2022-11-21T16:33:49.580-07:00,1,5935,4230,-6,0,0,20,-327,0,-2,220,-2,-2,2,250,1.23,1.26,1.26,1.2,3198,3300,45,80,61,766561,799237,-1,6.24,12006,4.05,8998,161000,100000,50000,0,3,122,5629,28,3548,7,95
2022-11-21T16:33:50.586-07:00,1,5930,4230,-6,0,0,20,-333,0,-2,220,-2,-2,2,250,1.23,1.26,1.26,1.2,3198,3300,45,80,64,1290275,804522,0,6.25,11998,4.04,8988,156000,100000,50000,0,1,122,5629,28,3553,7,96
2022-11-21T16:33:51.575-07:00,1,5935,4225,-6,0,0,20,-329,0,-2,220,-2,-2,2,250,1.24,1.26,1.26,1.2,3300,3300,45,80,58,1133409,799237,-1,6.24,12006,4.05,8998,156000,100000,50000,0,6,121,5620,27,3553,7,95
2022-11-21T16:33:52.581-07:00,1,5940,4230,-6,0,0,20,-327,0,-2,220,-2,-2,2,250,1.24,1.26,1.26,1.2,3300,3300,45,80,61,826015,799237,-1,6.24,11998,4.05,8998,156000,100000,50000,0,3,122,5627,27,3551,7,96
2022-11-21T16:33:53.573-07:00,1,5935,4230,-6,0,0,20,-327,0,-2,220,-2,-2,2,250,1.24,1.26,1.26,1.2,3300,3300,45,80,58,624899,799237,0,6.25,11998,4.05,8988,156000,100000,50000,0,6,121,5629,27,3546,7,96
2022-11-21T16:33:54.579-07:00,1,5935,4230,-6,0,0,20,-327,0,-2,220,-2,-2,2,250,1.24,1.26,1.26,1.2,3198,3300,45,80,58,501642,804522,-3,6.24,11988,4.04,8988,156000,100000,50000,0,1,121,5629,27,3551,7,95
2022-11-21T16:33:55.586-07:00,1,5930,4235,-7,0,0,20,-327,0,-2,220,-2,-2,2,250,1.24,1.26,1.26,1.2,3198,3300,45,80,64,427307,804522,-1,6.25,11998,4.04,8998,161000,100000,50000,0,1,121,5629,28,3551,7,96
2022-11-21T16:33:56.577-07:00,1,5935,4230,-6,0,0,20,-327,0,-2,220,-2,-2,2,250,1.24,1.26,1.26,1.2,3300,3300,45,80,61,367200,799237,-3,6.25,12006,4.05,8998,156000,100000,50000,0,1,121,5627,27,3558,7,95
2022-11-21T16:33:57.583-07:00,1,5935,4225,-6,1,0,20,-329,0,-2,220,-2,-2,2,250,1.24,1.26,1.26,1.2,3300,3300,45,80,58,356078,799237,-3,6.24,11998,4.04,8988,156000,100000,50000,0,6,121,5625,27,3548,7,96
2022-11-21T16:33:58.574-07:00,1,5940,4230,-6,0,0,20,-329,0,-2,220,-2,-2,2,250,1.24,1.26,1.26,1.2,3300,3300,45,80,61,304649,923953,-1,6.24,11988,4.04,8988,156000,100000,50000,0,6,121,5629,27,3548,7,96
2022-11-21T16:33:59.581-07:00,1,5930,4230,-6,0,0,20,-329,0,-2,220,-2,-2,2,250,1.24,1.27,1.26,1.2,3198,3300,45,80,64,241632,795733,-1,6.25,11998,4.04,8998,156000,100000,50000,0,6,121,5622,26,3553,7,96
2022-11-21T16:34:00.572-07:00,1,5930,4230,-7,0,0,20,-333,0,-2,220,-2,-2,2,250,1.24,1.27,1.26,1.2,3198,3300,45,80,64,450443,778441,0,6.24,11988,4.04,8988,166000,100000,50000,0,1,121,5625,27,3551,7,95
2022-11-21T16:34:01.579-07:00,1,5930,4235,-6,0,0,20,-331,0,-2,220,-2,-2,2,250,1.24,1.27,1.26,1.2,3198,3300,45,80,64,10542,778441,-1,6.24,12006,4.04,8998,166000,100000,50000,0,3,121,5627,27,3555,7,96
2022-11-21T16:34:02.585-07:00,1,5935,4230,-6,1,0,20,-331,0,-2,220,-2,-2,2,250,1.24,1.27,1.26,1.2,3300,3300,45,80,64,1518,775028,-1,6.25,11998,4.04,8998,161000,100000,50000,0,6,121,5632,27,3551,7,96
2022-11-21T16:34:03.576-07:00,1,5935,4235,-6,1,0,20,-333,0,-2,220,-2,-2,2,250,1.24,1.27,1.26,1.2,3300,3300,45,80,64,284,769936,0,6.24,11998,4.04,8998,166000,100000,50000,0,6,121,5625,27,3548,7,96
2022-11-21T16:34:04.581-07:00,1,5930,4235,-6,0,0,20,-331,0,-2,220,-2,-2,2,250,1.24,1.27,1.25,1.2,3198,3300,45,80,64,132,769936,0,6.25,12006,4.04,8998,170000,100000,50000,0,3,121,5627,27,3555,7,96
2022-11-21T16:34:05.573-07:00,1,5930,4235,-6,0,0,20,-333,0,-2,220,-2,-2,2,250,1.24,1.27,1.25,1.2,3198,3300,45,80,61,89,775028,0,6.25,11998,4.06,8998,166000,100000,50000,0,3,120,5625,27,3548,7,96
2022-11-21T16:34:06.580-07:00,1,5930,4230,-6,0,0,20,-333,0,-2,220,-2,-2,2,250,1.24,1.27,1.25,1.2,3300,3300,45,80,64,62,775028,-1,6.25,11998,4.04,8988,166000,100000,50000,0,6,120,5627,27,3553,7,96
2022-11-21T16:34:07.587-07:00,1,5935,4230,-6,0,0,20,-327,0,-2,220,-2,-2,2,250,1.24,1.27,1.25,1.2,3300,3300,45,80,64,51,769936,0,6.25,11998,4.04,8988,166000,100000,50000,0,6,120,5617,27,3553,7,96
2022-11-21T16:34:08.578-07:00,1,5930,4235,-6,0,0,20,-331,0,-2,220,-2,-3,2,250,1.24,1.27,1.25,1.2,3300,3300,45,80,64,39,778441,-1,6.25,12006,4.04,8998,170000,100000,50000,0,1,120,5627,27,3555,7,96
2022-11-21T16:34:09.583-07:00,1,5930,4230,-6,0,0,20,-329,0,-2,220,-2,-2,2,250,1.24,1.27,1.25,1.2,3198,3300,45,80,64,33,778441,-1,6.24,12006,4.04,8998,166000,100000,50000,0,1,121,5625,26,3553,7,96
2022-11-21T16:34:10.573-07:00,1,5930,4230,-6,1,0,20,-327,0,-2,220,-2,-2,2,250,1.24,1.27,1.25,1.2,3198,3300,45,80,64,28,775028,0,6.24,12006,4.04,8998,166000,100000,50000,0,6,120,5625,27,3555,7,97
2022-11-21T16:34:11.580-07:00,1,5930,4230,-6,0,0,20,-329,0,-2,220,-2,-2,2,250,1.24,1.27,1.25,1.2,3300,3300,45,80,64,27,775028,0,6.24,11998,4.05,8998,170000,100000,50000,0,6,120,5625,26,3548,7,96
2022-11-21T16:34:12.586-07:00,1,5930,4230,-7,0,0,20,-329,0,-2,220,-2,-3,2,250,1.24,1.27,1.25,1.2,3300,3300,45,80,64,29,1197404,0,6.24,12006,4.04,8998,166000,100000,50000,0,6,120,5622,27,3553,7,96
2022-11-21T16:34:13.578-07:00,1,5935,4230,-6,0,0,20,-329,0,-2,220,-2,-2,2,250,1.24,1.27,1.25,1.2,3300,3300,45,80,64,31,1133409,0,6.25,11998,4.05,8998,166000,100000,50000,0,6,121,5625,27,3548,7,96
2022-11-21T16:34:14.585-07:00,1,5930,4235,-6,0,0,20,-337,0,-2,220,-2,-2,2,250,1.24,1.27,1.25,1.2,3198,3300,45,80,61,33,763200,0,6.24,12006,4.04,8998,170000,100000,50000,0,1,120,5622,27,3551,7,96
2022-11-21T16:34:15.575-07:00,1,5930,4235,-6,0,0,20,-337,0,-2,220,-2,-2,2,250,1.24,1.27,1.25,1.2,3198,3300,45,80,61,33,763200,0,6.24,12006,4.04,8998,170000,100000,50000,0,1,120,5622,27,3551,7,96
2022-11-21T16:34:16.581-07:00,1,5935,4225,-6,0,0,20,-335,0,-2,220,-2,-2,2,250,1.24,1.27,1.25,1.2,3198,3300,45,80,61,35,564831,-3,6.24,11988,4.05,8988,161000,100000,50000,0,0,121,5627,27,3553,7,96
2022-11-21T16:34:17.572-07:00,1,5930,4235,-6,0,0,20,-333,0,-2,220,-2,-2,2,250,1.24,1.27,1.25,1.2,3300,3300,45,80,64,87,453422,-1,6.24,12006,4.04,8998,166000,100000,50000,0,1,120,5614,27,3551,7,92
2022-11-21T16:34:18.579-07:00,1,5935,4230,-7,0,0,20,-329,0,-2,220,-2,-2,2,250,1.24,1.27,1.25,1.2,3300,3300,45,80,64,108,382013,0,6.25,12006,4.04,8998,166000,100000,50000,0,3,119,5620,27,3551,7,91
2022-11-21T16:34:19.586-07:00,1,5930,4230,-6,0,0,20,-329,0,-2,220,-2,-2,2,250,1.24,1.27,1.25,1.2,3300,3300,45,80,64,108,337047,-1,6.24,11988,4.04,8998,170000,100000,50000,0,0,121,5629,27,3558,7,91
2022-11-21T16:34:20.577-07:00,1,5930,4225,-6,0,0,20,-331,0,-2,220,-2,-2,2,250,1.24,1.27,1.25,1.2,3198,3300,45,80,61,108,302648,-1,6.25,11988,4.05,8998,166000,100000,50000,0,6,120,5629,27,3553,7,92
2022-11-21T16:34:21.584-07:00,1,5935,4225,-7,0,0,20,-333,0,-2,220,-2,-2,2,250,1.24,1.27,1.25,1.2,3198,3300,45,80,61,108,524176,-1,6.24,11988,4.05,8988,170000,100000,50000,1,3,119,5622,27,3543,7,93
2022-11-21T16:34:22.576-07:00,1,5935,4230,-6,0,0,20,-331,0,-2,220,-2,-2,2,250,1.24,1.27,1.24,1.2,3198,3300,45,80,64,107,18102,-1,6.25,12006,4.04,8998,161000,100000,50000,0,1,120,5627,27,3546,7,92
2022-11-21T16:34:23.583-07:00,1,5930,4230,-6,0,0,20,-331,0,-2,220,-2,-2,2,250,1.24,1.27,1.24,1.2,3300,3300,45,80,64,108,3160,-1,6.25,12006,4.06,8998,166000,100000,50000,1,3,120,5627,26,3553,7,92
2022-11-21T16:34:24.587-07:00,1,5935,4230,-6,0,0,20,-325,0,-2,220,-2,-2,2,250,1.24,1.27,1.24,1.2,3300,3300,45,80,64,107,479,-1,6.25,11998,4.04,8988,166000,100000,50000,0,3,120,5632,27,3553,7,92
2022-11-21T16:34:25.578-07:00,1,5935,4230,-6,0,0,20,-329,0,-2,220,-2,-2,2,250,1.24,1.27,1.24,1.2,3198,3300,45,80,61,28466,149,-1,6.24,11988,4.04,8998,166000,100000,50000,0,6,120,5625,26,3551,7,92
2022-11-21T16:34:26.583-07:00,1,5935,4230,-6,0,0,20,-327,0,-2,220,-2,-2,2,250,1.24,1.27,1.24,1.2,3198,3300,45,80,61,41719,82,-3,6.25,12006,4.05,8998,166000,100000,50000,0,3,119,5627,27,3551,7,92
2022-11-21T16:34:27.574-07:00,1,5930,4230,-6,0,0,20,-329,0,-2,220,-2,-2,2,250,1.24,1.27,1.24,1.2,3198,3300,45,80,64,49499,51,0,6.25,12006,4.04,8998,166000,100000,50000,0,1,119,5627,27,3548,7,91
2022-11-21T16:34:28.582-07:00,1,5930,4230,-7,0,0,20,-329,0,-2,220,-2,-2,2,250,1.24,1.27,1.24,1.2,3300,3300,45,80,64,79722,29,0,6.24,12006,4.04,8998,166000,100000,50000,1,6,119,5622,27,3548,7,93
2022-11-21T16:34:29.574-07:00,1,5935,4230,-5,0,0,20,-335,0,-2,220,-2,-2,2,250,1.24,1.27,1.24,1.2,3300,3300,45,80,61,137858,20,-3,6.24,11998,4.05,8998,151000,100000,50000,0,6,119,5620,27,3551,7,92
2022-11-21T16:34:30.581-07:00,1,5930,4230,-6,0,0,20,-327,0,-2,220,-2,-2,2,250,1.24,1.27,1.24,1.2,3198,3300,45,80,64,241632,16,0,6.25,11988,4.04,8998,161000,100000,50000,1,3,120,5622,26,3551,7,91
2022-11-21T16:34:31.587-07:00,1,5935,4225,-6,0,0,20,-327,0,-2,220,-2,-2,2,250,1.24,1.27,1.24,1.2,3198,3300,45,80,64,331904,14,0,6.24,12006,4.04,8998,156000,100000,50000,0,3,120,5622,27,3555,7,92
2022-11-21T16:34:32.577-07:00,1,5935,4225,-6,0,0,20,-327,0,-2,220,-2,-2,2,250,1.24,1.27,1.24,1.2,3198,3300,45,80,61,387933,13,-3,6.24,11988,4.06,8988,156000,100000,50000,0,3,120,5627,27,3548,7,92
2022-11-21T16:34:33.583-07:00,1,5930,4230,-6,1,0,20,-333,0,-2,220,-2,-2,2,250,1.24,1.27,1.23,1.2,3300,3300,45,80,67,450443,13,0,6.25,12006,4.04,8998,151000,100000,50000,0,6,119,5625,27,3551,7,92
2022-11-21T16:34:34.574-07:00,1,5935,4230,-6,0,0,20,-331,0,-2,220,-2,-2,2,250,1.24,1.27,1.23,1.2,3300,3300,45,80,61,512785,13,-3,6.25,11998,4.05,8988,156000,100000,50000,0,1,120,5625,27,3551,7,92
2022-11-21T16:34:35.581-07:00,1,5935,4230,-6,0,0,20,-333,0,-2,220,-2,-2,2,250,1.24,1.27,1.23,1.2,3300,3300,45,80,64,573585,14,-1,6.24,11998,4.04,8998,156000,100000,50000,0,3,119,5627,27,3548,7,93
2022-11-21T16:34:36.573-07:00,1,5930,4230,-6,0,0,20,-327,0,-2,220,-2,-2,2,250,1.24,1.27,1.23,1.2,3198,3300,45,80,64,749903,14,-1,6.24,12006,4.04,8998,151000,100000,50000,0,6,120,5627,26,3546,7,92
2022-11-21T16:34:37.579-07:00,1,5935,4230,-7,0,0,20,-329,0,-2,220,-2,-2,2,250,1.24,1.27,1.23,1.2,3198,3300,45,80,67,799237,14,0,6.24,12006,4.04,8998,156000,100000,50000,0,6,120,5627,26,3548,7,92
2022-11-21T16:34:38.586-07:00,1,5930,4230,-7,0,0,20,-333,0,-2,220,-2,-2,2,250,1.24,1.27,1.23,1.2,3300,3300,45,80,67,804522,14,-1,6.24,12006,4.04,8998,156000,100000,50000,0,3,120,5627,27,3548,7,91
2022-11-21T16:34:39.578-07:00,1,5935,4225,-6,0,0,20,-329,0,-2,220,-2,-2,2,250,1.24,1.27,1.23,1.2,3300,3300,45,80.1,61,808065,14,-3,6.24,12006,4.04,8998,161000,100000,50000,1,3,119,5627,27,3553,7,92
2022-11-21T16:34:40.583-07:00,1,5935,4230,-7,0,0,20,-331,0,-2,220,-2,-2,2,250,1.24,1.27,1.23,1.2,3300,3300,45,80.1,61,808065,14,0,6.25,12006,4.05,8998,151000,100000,50000,0,6,119,5622,27,3553,7,92
2022-11-21T16:34:41.587-07:00,1,5930,4230,-6,1,0,20,-327,0,-2,220,-2,-2,2,250,1.24,1.27,1.23,1.2,3198,3300,45,80,67,808065,14,-1,6.25,11988,4.04,8998,161000,100000,50000,0,3,119,5625,27,3555,7,92
2022-11-21T16:34:42.578-07:00,1,5930,4230,-7,1,0,20,-331,0,-2,220,-2,-2,2,250,1.24,1.27,1.23,1.2,3198,3300,45,80,64,808065,15,-1,6.24,11998,4.05,8988,151000,100000,50000,0,3,119,5627,27,3553,7,92
2022-11-21T16:34:43.585-07:00,1,5935,4225,-6,0,0,20,-331,0,-2,220,-2,-2,2,250,1.24,1.27,1.23,1.2,3300,3300,45,80,64,804522,15,-1,6.24,11998,4.04,8998,151000,100000,50000,0,3,119,5622,27,3553,7,92
2022-11-21T16:34:44.577-07:00,1,5935,4230,-6,0,0,20,-331,0,-2,220,-2,-2,2,250,1.24,1.27,1.22,1.2,3300,3300,45,80.1,64,804522,15,0,6.24,12006,4.04,8998,156000,100000,50000,0,3,119,5627,27,3555,7,92
2022-11-21T16:34:45.583-07:00,1,5925,4230,-6,0,0,20,-335,0,-2,220,-2,-2,2,250,1.24,1.27,1.22,1.2,3300,3300,45,80.1,67,804522,15,0,6.25,12006,4.04,8998,151000,100000,50000,0,3,120,5627,26,3553,7,92
2022-11-21T16:34:46.574-07:00,1,5930,4230,-6,0,0,20,-331,0,-2,220,-2,-2,2,250,1.24,1.27,1.22,1.2,3198,3300,45,80.1,67,808065,15,-1,6.25,11988,4.04,8998,156000,100000,50000,0,3,119,5625,27,3548,7,92
2022-11-21T16:34:47.580-07:00,1,5930,4230,-6,0,0,20,-331,0,-2,220,-2,-2,2,250,1.24,1.27,1.22,1.2,3198,3300,45,80.1,67,808065,15,0,6.24,11998,4.05,8998,156000,100000,50000,0,1,119,5625,27,3553,7,92
2022-11-21T16:34:48.587-07:00,1,5940,4230,-6,1,0,20,-337,0,-2,220,-2,-2,2,250,1.24,1.27,1.22,1.2,3300,3300,45,80.1,64,813409,16,0,6.25,11998,4.05,8988,161000,100000,50000,0,1,119,5627,27,3553,7,92
2022-11-21T16:34:49.579-07:00,1,5935,4230,-6,0,0,20,-331,0,-2,220,-2,-2,2,250,1.24,1.27,1.22,1.2,3300,3300,45,80.1,64,813409,16,0,6.24,11998,4.05,8988,156000,100000,50000,0,3,119,5625,27,3553,7,92
2022-11-21T16:34:50.586-07:00,1,5935,4225,-6,0,0,20,-329,0,-2,220,-2,-2,2,250,1.24,1.27,1.22,1.2,3300,3300,45,80.1,61,804522,16,-1,6.24,12006,4.05,8998,156000,100000,50000,0,6,119,5627,26,3546,7,92
2022-11-21T16:34:51.577-07:00,1,5935,4230,-7,0,0,20,-329,0,-2,220,-2,-2,2,250,1.24,1.27,1.22,1.2,3198,3300,45,80.1,64,808065,16,0,6.25,12006,4.04,8998,156000,100000,50000,0,1,119,5632,27,3553,7,92
2022-11-21T16:34:52.584-07:00,1,5935,4230,-6,0,0,20,-333,0,-2,220,-2,-2,2,250,1.24,1.27,1.22,1.2,3198,3300,45,80,64,813409,16,-1,6.24,12006,4.05,8998,151000,100000,50000,0,3,119,5627,27,3555,7,92
2022-11-21T16:34:53.573-07:00,1,5935,4230,-6,0,0,20,-329,0,-2,220,-2,-2,2,250,1.24,1.27,1.21,1.2,3300,3300,45,80.1,61,813409,16,-1,6.25,12006,4.05,8998,156000,100000,50000,0,6,119,5627,26,3555,7,92
2022-11-21T16:34:54.578-07:00,1,5935,4230,-6,0,0,20,-327,0,-2,220,-2,-2,2,250,1.24,1.27,1.21,1.2,3300,3300,45,80.1,67,808065,16,0,6.24,11998,4.04,8998,166000,100000,50000,0,6,119,5617,27,3553,7,92
2022-11-21T16:34:55.583-07:00,1,5935,4230,-6,0,0,20,-339,0,-2,220,-2,-2,2,250,1.24,1.27,1.21,1.2,3300,3300,45,80.1,64,813409,16,-1,6.24,11998,4.04,8988,156000,100000,50000,0,3,119,5622,26,3553,7,92
2022-11-21T16:34:56.574-07:00,1,5935,4225,-6,0,0,20,-325,0,-2,220,-2,-2,2,250,1.24,1.27,1.21,1.2,3198,3300,45,80.1,8,816991,16,-3,6.24,11998,4.04,8988,156000,100000,50000,0,0,0,0,1,7,8,91
2022-11-21T16:34:57.582-07:00,1,5935,4230,-6,0,0,0,-325,0,-2,-4,-2,-2,2,-3,1.24,1.27,1.21,1.2,3198,3300,45,80.1,8,804522,16,0,6.24,12006,4.05,8998,146000,100000,50000,0,1,0,2,0,7,9,92
2022-11-21T16:34:58.587-07:00,1,5930,4230,-6,0,0,0,-351,0,-2,-3,-2,-2,2,0,1.24,1.27,1.21,1.2,3300,3300,45,80.1,11,766561,17,-1,6.25,12006,4.04,8998,112000,100000,50000,0,3,0,2,1,2,9,93
2022-11-21T16:34:59.578-07:00,1,5935,4230,-7,0,0,0,-333,0,-2,-3,-2,-2,2,0,1.24,1.27,1.21,1.2,3300,3300,45,80.1,8,763200,17,0,6.24,12006,4.04,8998,97000,100000,50000,0,6,0,0,1,7,9,93
2022-11-21T16:35:00.584-07:00,1,5935,4230,-6,0,0,0,-335,0,-2,-3,-2,-2,2,1,1.24,1.27,1.21,1.2,3300,3300,45,80.1,11,763200,17,-1,6.25,11988,4.05,8988,87000,100000,50000,0,6,0,0,1,4,10,92
2022-11-21T16:35:01.576-07:00,1,5935,4230,-6,0,0,0,-333,0,-2,-3,-2,-2,2,1,1.24,1.27,1.21,1.2,3198,3300,45,80.1,11,763200,17,-1,6.24,11988,4.06,8998,68000,100000,50000,0,1,0,0,1,4,10,93
2022-11-21T16:35:02.582-07:00,1,5935,4230,-6,0,0,0,-331,0,-2,-3,-2,-2,2,1,1.24,1.27,1.21,1.2,3198,3300,45,80.1,8,1099078,17,-1,6.25,12006,4.05,8998,58000,100000,50000,0,6,0,0,1,4,10,93
2022-11-21T16:35:03.573-07:00,1,5930,4225,-6,0,0,0,-337,0,-2,-3,-2,-2,2,1,1.24,1.27,1.21,1.2,3300,3300,45,80.1,11,1189538,17,-1,6.26,11998,4.05,8988,48000,100000,50000,0,3,0,2,1,4,10,92
2022-11-21T16:35:04.581-07:00,1,5935,4225,-7,0,0,0,-337,0,-2,-3,-2,-2,2,1,1.23,1.26,1.2,1.2,3300,3300,45,80.1,8,876497,17,-1,6.25,11998,4.05,8988,39000,100000,50000,0,6,0,0,0,4,10,93
2022-11-21T16:35:05.587-07:00,1,5935,4230,-6,0,0,0,-331,0,-2,-3,-2,-2,2,1,1.23,1.26,1.2,1.2,3300,3300,45,80.1,11,648680,17,-1,6.25,11998,4.05,8998,34000,100000,50000,0,1,0,0,1,7,10,92
2022-11-21T16:35:06.579-07:00,1,5935,4225,-7,0,0,0,-333,0,-2,-3,-2,-2,2,2,1.23,1.26,1.19,1.2,3198,3300,45,80.1,8,518449,17,-1,6.25,11998,4.06,8988,19000,100000,50000,0,1,0,0,1,2,10,93
2022-11-21T16:35:07.586-07:00,1,5935,4230,-6,0,0,0,-337,0,-2,-3,-2,-2,2,1,1.23,1.26,1.19,1.2,3198,3300,45,80.1,11,436799,17,-1,6.26,11988,4.05,8988,14000,100000,50000,0,6,0,0,1,4,10,92
2022-11-21T16:35:08.576-07:00,1,5940,4230,501,2,0,0,-333,0,-2,-3,-2,-2,2,1,1.23,1.26,1.19,1.2,3300,3300,45,80.1,8,382013,18,-1,6.25,12006,4.05,8998,19000,100000,50000,0,3,0,0,1,9,11,92
2022-11-21T16:35:09.582-07:00,1,5935,4225,1994,0,0,0,-339,0,-2,-3,-2,-2,2,1,1.22,1.25,1.19,1.2,3300,3300,45,80.1,8,343024,18,-1,6.24,11988,4.05,8998,14000,100000,50000,0,6,0,2,0,4,11,93
2022-11-21T16:35:10.574-07:00,1,5930,4225,2002,0,0,0,-335,0,-2,-3,-2,-2,2,1,1.22,1.25,1.19,1.2,3300,3300,45,80.1,2884,311416,18,-1,6.24,11998,4.04,8998,263000,100000,50000,0,6,0,0,0,2,12,92
2022-11-21T16:35:11.581-07:00,1,5935,4230,1284,503,0,0,-339,0,-2,-3,-2,-2,2,1,1.22,1.25,1.19,1.2,3198,3300,45,80.1,2860,258535,18,0,6.24,12006,4.04,8998,210000,100000,50000,0,6,0,2,0,4,13,92
2022-11-21T16:35:12.587-07:00,1,5930,4230,1001,748,0,0,-337,0,-2,-3,-2,-2,2,1,1.22,1.25,1.18,1.2,3198,3300,45,80.1,4495,29709,18,-1,6.25,11998,4.04,8988,48000,100000,50000,0,6,0,0,1,4,13,92
2022-11-21T16:35:13.579-07:00,1,5935,4235,1000,750,0,0,-331,0,-2,-3,-2,-2,2,1,1.22,1.25,1.18,1.2,3300,3300,45,80.1,4469,3010,18,-1,6.24,11998,4.06,8998,19000,100000,100,0,6,0,2,0,2,13,93
2022-11-21T16:35:14.586-07:00,1,5935,4230,624,1488,0,0,-337,0,-2,-3,-2,-2,2,1,1.22,1.25,1.17,1.2,3300,3300,45,80.1,5475,455,18,-1,6.25,11988,4.06,8998,127000,100000,100,0,6,0,2,0,7,14,92
2022-11-21T16:35:15.578-07:00,1,5930,4230,500,1498,0,0,-339,0,-2,-3,-2,-2,2,1,1.21,1.24,1.17,1.2,3300,3300,45,80.1,5475,153,18,-1,6.24,12006,4,8998,459000,100000,100,0,6,0,0,0,7,14,92
2022-11-21T16:35:16.584-07:00,1,5935,4230,500,1498,0,0,-341,0,-2,-3,-2,-2,2,1,1.21,1.24,1.17,1.2,3198,3300,45,80.1,5472,95,18,-1,6.22,11988,4,8998,498000,100000,30000,0,3,0,2,0,4,14,93
2022-11-21T16:35:17.575-07:00,1,5925,4230,500,1498,0,0,-339,0,-2,-3,-2,-2,2,1,1.21,1.24,1.16,1.19,3198,3300,45,80.1,5472,60,18,-1,6.22,11988,4,8988,503000,100000,30000,0,3,0,2,0,7,14,93
2022-11-21T16:35:18.582-07:00,1,5935,4220,500,1500,0,0,-335,0,-2,-3,-2,-2,2,1,1.21,1.24,1.16,1.19,3300,3300,45,80.1,5469,43,18,-3,6.22,12006,4.01,8998,503000,100000,30000,0,0,0,2,0,7,14,92
2022-11-21T16:35:19.574-07:00,1,5935,4220,500,1500,0,0,-335,0,-2,-3,-2,-2,2,1,1.21,1.24,1.16,1.19,3300,3300,45,80.1,5469,43,18,-3,6.22,12006,4.01,8998,503000,100000,30000,0,0,0,2,0,7,14,92
2022-11-21T16:35:20.582-07:00,1,5930,4230,25,1919,0,0,-329,0,-2,-3,-2,-2,2,1,1.21,1.24,1.16,1.19,3300,3300,45,80.1,5498,31,19,-1,6.21,11998,4,8998,537000,100000,30000,0,6,0,0,1,7,15,92
2022-11-21T16:35:21.573-07:00,1,5930,4225,-5,1999,0,0,-335,0,-2,-3,-2,-2,2,1,1.2,1.23,1.16,1.2,3300,3300,45,80.1,5498,25,18,-3,6.2,11998,4,8988,630000,100000,35753,0,3,0,2,1,2,15,93
2022-11-21T16:35:22.580-07:00,1,5935,4225,-6,1999,0,0,-339,0,-2,-3,-2,-2,2,1,1.2,1.23,1.16,1.2,3198,3300,45,80.1,5498,21,18,-1,6.19,11998,4,8998,615000,100000,34879,0,3,0,2,1,2,15,93
2022-11-21T16:35:23.587-07:00,1,5930,4230,-6,2000,0,0,-337,0,-2,-3,-2,-2,2,1,1.2,1.23,1.16,1.19,3198,3300,45,80.1,5472,19,19,0,6.2,11988,4,8998,581000,100000,34152,0,6,0,0,1,2,15,92
2022-11-21T16:35:24.578-07:00,1,5935,4230,-6,2000,0,0,-337,0,-2,-3,-2,-2,2,1,1.19,1.23,1.15,1.19,3300,3300,45,80.1,5472,20,19,-1,6.2,11998,4,8998,556000,100000,33669,0,0,0,2,0,7,15,92
2022-11-21T16:35:25.586-07:00,1,5930,4230,-6,2000,0,0,-335,0,-2,-3,-2,-2,2,1,1.19,1.23,1.15,1.19,3300,3300,45,80.1,5475,20,19,-1,6.2,12006,4,8998,561000,100000,33513,0,1,0,0,0,4,15,92
2022-11-21T16:35:26.577-07:00,1,5935,4230,-6,2000,0,0,-337,0,-2,-3,-2,-2,2,1,1.19,1.23,1.14,1.19,3300,3300,45,80.2,5498,21,19,-1,6.21,12006,4,8988,556000,100000,33431,0,1,0,2,0,7,15,93
2022-11-21T16:35:27.584-07:00,1,5930,4230,-6,2000,0,0,-337,0,-2,-3,-2,-2,2,1,1.18,1.22,1.14,1.19,3198,3300,45,80.1,5475,22,19,-1,6.2,12006,4,8998,552000,100000,33276,0,6,0,2,0,2,15,93
2022-11-21T16:35:28.574-07:00,1,5935,4230,-6,2000,0,0,-333,0,-2,-3,-2,-2,2,1,1.18,1.22,1.14,1.19,3198,3300,45,80.1,5469,22,19,-3,6.19,11988,4,8998,552000,100000,33148,0,3,0,0,1,7,15,93
2022-11-21T16:35:29.581-07:00,1,5925,4230,-6,2000,0,0,-335,0,-2,-3,-2,-2,2,1,1.18,1.22,1.14,1.2,3198,3300,45,80.1,5472,23,19,-1,6.2,11988,4,8988,552000,100000,33047,0,6,0,0,0,7,15,93
2022-11-21T16:35:30.587-07:00,1,5940,4225,-6,2000,0,0,-337,0,-2,-3,-2,-3,2,1,1.18,1.22,1.14,1.2,3300,3300,45,80.1,5472,23,19,-3,6.2,11998,4,8998,556000,100000,32987,0,1,0,2,0,2,15,93
2022-11-21T16:35:31.578-07:00,1,5935,4225,-6,2000,0,0,-335,0,-2,-3,-2,-2,2,1,1.18,1.22,1.14,1.2,3300,3300,45,80.2,5498,24,19,0,6.2,11998,4,8998,556000,100000,32995,0,6,0,2,0,4,15,93
2022-11-21T16:35:32.586-07:00,1,5935,4225,-6,2000,0,0,-335,0,-2,-3,-2,-2,2,1,1.17,1.21,1.13,1.2,3198,3300,45,80.2,5498,24,19,-3,6.19,11998,4,8998,556000,100000,32924,0,3,0,0,1,7,15,93
2022-11-21T16:35:33.577-07:00,1,5925,4230,-6,2000,0,0,-337,0,-2,-3,-2,-2,2,1,1.17,1.21,1.13,1.2,3198,3300,45,80.2,5475,25,19,-1,6.2,12006,4,8988,552000,100000,32886,0,6,0,0,0,2,15,93
2022-11-21T16:35:34.584-07:00,1,5935,4225,-6,2000,0,0,-339,0,-2,-3,-2,-3,2,1,1.17,1.21,1.13,1.2,3198,3300,45,80.2,5492,26,19,-1,6.22,11998,4,8998,556000,100000,32809,0,6,0,2,0,7,15,94
